file_name,Point_M0_X,Point_M0_Y,Point_M1_X,Point_M1_Y,Point_M2_X,Point_M2_Y,Point_M3_X,Point_M3_Y,Point_M4_X,Point_M4_Y,Point_M5_X,Point_M5_Y,Point_M6_X,Point_M6_Y,Point_M7_X,Point_M7_Y,Point_M8_X,Point_M8_Y,Point_M9_X,Point_M9_Y,Point_M10_X,Point_M10_Y,Point_M11_X,Point_M11_Y,Point_M12_X,Point_M12_Y,Point_M13_X,Point_M13_Y,Point_M14_X,Point_M14_Y,Point_M15_X,Point_M15_Y,Point_M16_X,Point_M16_Y,Point_M17_X,Point_M17_Y,Point_M18_X,Point_M18_Y,Point_M19_X,Point_M19_Y,Point_M20_X,Point_M20_Y,Point_M21_X,Point_M21_Y,Point_M22_X,Point_M22_Y,Point_M23_X,Point_M23_Y,Point_M24_X,Point_M24_Y,Point_M25_X,Point_M25_Y,Point_M26_X,Point_M26_Y,Point_M27_X,Point_M27_Y,Point_M28_X,Point_M28_Y,Point_M29_X,Point_M29_Y
296814969_3.jpg,438,558,515,290,292,408,470,495,501,293,492,467,495,340,541,305,485,449,485,449,459,428,500,340,420,464,450,452,416,459,408,462,495,340,488,388,541,462,382,333,473,474,408,345,541,462,384,539,310,465,292,408,489,459,541,305,414,465,349,321
2968560214_1.jpg,190,743,349,698,315,619,492,445,410,339,328,713,443,697,286,703,236,682,450,414,228,422,247,319,458,863,286,353,335,880,276,689,313,711,233,811,223,344,443,709,152,642,373,714,432,431,410,878,378,616,185,397,169,694,250,675,410,878,428,690
2968784797_1.jpg,1362,2546,1637,2139,1907,1444,1690,2416,727,1252,1153,1368,2063,1183,1062,1353,1920,2344,727,1134,2570,1954,1062,1353,1792,3025,553,2321,1679,2627,1216,2970,413,1878,2305,2639,1556,2133,1527,2420,2093,1308,1870,2578,822,2700,1048,2878,850,1430,1556,2133,1959,1085,1453,2355,1959,1085,1924,2544
296961468_1.jpg,1347,1284,1583,1847,1425,1913,1388,1114,1662,1291,1898,1562,1314,1253,1059,1997,1644,1283,957,1894,1746,1977,1639,1166,1336,1821,1351,1174,1670,1794,1284,1810,1746,1977,1664,1177,829,1528,1565,1933,1772,1936,1772,1936,1789,1226,957,1894,1795,1892,1905,1513,1594,1753,1772,1936,1351,1174,888,1767
2970690152_2.jpg,702,571,702,571,689,565,894,674,586,812,679,767,665,862,651,869,776,918,733,864,883,671,1092,805,880,643,828,774,709,716,689,565,643,519,854,659,643,613,718,628,658,885,873,668,744,892,828,774,712,633,999,632,806,1086,852,1077,802,879,665,862
2971848745_1.jpg,1440,1700,621,1654,937,1141,1167,1938,902,1256,795,2130,953,1333,1459,1104,1031,1958,1440,1700,1196,1991,754,1103,1782,2192,1086,1646,1189,1736,1167,2070,854,1283,1472,2047,1095,1972,1808,1051,1241,1932,1302,2435,1415,1975,1281,1871,1392,1717,1143,1496,1565,1950,1887,2033,1425,1914,1476,1267
2973812451_1.jpg,1583,1477,1561,1380,1561,1380,1600,964,1549,1437,1782,906,1171,923,1208,1065,1718,1003,1175,1054,1449,1443,1265,1018,1581,1042,1104,1448,1716,900,1300,976,1599,1047,1761,1562,1736,1009,1402,1384,1449,1443,1375,1475,1660,1001,1751,1018,1425,1440,1325,1046,1325,1046,1210,1558,1736,1009,1618,1048
2973812613_1.jpg,1574,758,1267,918,1211,827,1594,964,1504,1162,1175,962,1693,1801,1135,1419,1493,1574,1219,898,1283,826,1113,1322,1277,1122,1243,1192,1312,1494,1420,1833,1478,1426,1892,1662,1512,1429,1638,970,1068,835,1068,835,1151,755,1150,1467,1840,841,1616,751,1350,1466,1749,930,1735,1779,1388,1512
297461011_1.jpg,477,452,608,741,490,476,359,661,608,741,703,775,504,581,555,758,646,495,583,753,725,745,487,698,630,711,434,523,385,732,430,793,725,745,607,707,382,461,467,523,585,709,619,733,569,727,623,469,662,814,535,728,711,473,582,468,619,733,523,852
2975463532_1.jpg,706,977,951,1052,920,1097,995,1254,850,1039,961,736,716,769,942,750,1001,1032,922,1059,830,1212,776,781,1030,733,969,1259,730,684,992,1036,981,642,837,962,848,1230,767,758,1092,678,1262,864,1013,677,1262,892,869,1245,946,761,951,742,937,905,917,1261,1254,974
2977452543_1.jpg,1871,1900,1914,1656,1619,1865,1475,1168,1798,1848,1917,1856,1949,1568,1917,1856,1591,1848,1904,1763,1552,1301,1527,1365,1968,1290,1728,1804,1648,1883,1807,1677,1383,1182,1677,1898,1460,2077,1677,1898,1460,2077,1668,1632,1628,1246,1697,1655,1190,1900,2002,1356,1475,1168,2002,1356,2134,1204,1824,1844
2978322154_1.jpg,1185,1147,1320,721,1228,831,997,758,1352,728,1247,1419,1191,1193,900,1273,972,729,1052,1164,955,809,968,1159,1223,1175,1182,1167,840,1116,896,837,997,834,941,755,1001,1185,840,1116,870,1212,824,1016,915,805,974,1133,900,1273,952,1012,1228,831,1242,825,1320,721,891,814
2978322154_2.jpg,812,702,636,738,635,1003,936,1004,788,703,606,968,1090,991,951,946,770,766,804,757,788,703,745,769,1090,991,979,940,1133,815,999,710,971,643,818,744,880,973,954,1005,852,962,999,710,671,1033,1021,707,713,763,979,940,718,713,993,935,730,678,714,1057
2980607773_1.jpg,623,535,852,599,737,777,825,660,488,701,836,782,854,549,731,956,720,778,826,731,843,825,624,590,885,896,653,595,702,701,913,866,604,537,657,567,709,952,938,832,727,534,679,539,841,722,802,849,611,906,964,777,903,577,790,796,924,521,647,568
2981942448_1.jpg,722,794,613,644,427,817,814,342,469,851,956,784,731,377,766,784,877,420,956,784,1007,660,849,365,760,454,627,917,838,337,1007,660,558,503,876,430,828,450,545,508,432,458,601,765,1007,660,526,403,813,687,409,469,657,922,786,454,858,883,651,736
2982058191_1.jpg,677,1923,429,1444,675,1958,905,1881,368,1246,475,1370,523,1741,806,2000,298,1343,320,1254,533,2049,775,2015,646,2023,1339,1909,837,1155,1141,2141,579,1939,1393,1757,733,1115,560,2093,860,1251,775,2015,713,2285,467,1261,520,1391,776,1096,882,1142,675,1958,677,2031,577,1907
2983130985_1.jpg,605,259,875,203,875,283,829,574,469,567,580,669,516,232,673,708,561,221,561,221,413,431,538,225,895,275,687,212,725,542,553,288,884,171,946,495,779,557,904,257,943,192,690,530,811,219,952,470,561,221,767,597,832,253,589,298,832,536,815,584
2983659912_1.jpg,1110,1204,1165,1058,1361,802,961,851,796,782,1048,1206,1116,1412,1142,1072,1208,872,717,1146,1297,866,941,834,1305,751,796,782,1196,1198,1165,1058,1016,1414,924,862,1369,787,1153,988,1334,1277,969,1191,900,822,1284,871,976,1166,1007,1201,898,774,983,1407,1142,1072,1165,863
2983659920_1.jpg,782,993,1000,689,848,944,759,965,804,1154,918,891,926,945,959,706,784,696,887,945,712,647,940,966,955,834,752,616,918,891,685,1063,1018,722,1007,723,904,1166,801,965,902,995,759,965,1139,959,794,851,1168,836,962,718,728,718,921,1029,944,947,863,967
2983659924_1.jpg,2257,1425,1881,1054,1683,1611,1845,1059,1858,1487,1317,1820,1418,1064,1871,1149,1617,1691,1781,1510,1735,1706,1303,1035,1599,1050,1538,1664,2250,1472,1759,1607,1871,1149,1974,1956,1881,1054,2061,1032,1908,1609,1922,1643,1378,1191,1303,1035,1425,1918,1930,1704,1855,1689,1258,1744,1865,1358,1971,975
2984236559_1.jpg,342,301,257,458,265,476,220,295,213,446,314,318,228,447,284,412,190,329,332,301,285,440,220,295,229,528,197,314,236,438,208,439,393,439,273,457,219,453,179,311,220,295,321,301,162,315,293,388,205,448,219,453,367,479,287,292,300,331,294,329
2984431316_1.jpg,894,1475,851,1900,1154,1993,916,1506,1038,791,1091,701,598,1196,894,1475,1377,1591,870,1536,625,1522,1926,1517,1859,890,887,1490,1536,1911,1881,862,1492,796,1115,1528,951,1183,1009,659,1536,1911,1136,1338,762,1812,924,624,1764,756,1236,1493,1048,848,955,1435,602,1394,1333,1647
2984478058_1.jpg,616,650,486,421,508,455,537,652,490,403,392,654,679,444,553,623,539,422,369,530,704,469,369,546,579,656,630,489,666,484,689,505,691,499,490,403,546,433,612,659,616,578,701,674,531,526,591,630,483,744,596,643,686,494,659,505,652,503,471,631
2985256877_1.jpg,966,1355,915,1287,892,903,1021,1252,1304,1451,1254,824,918,1275,1307,840,915,1287,900,1277,1339,892,1000,1546,912,946,1124,874,802,813,1169,1315,1032,1551,1097,1549,862,1462,1116,1085,952,834,729,1085,929,917,802,813,853,907,1142,952,1250,1490,949,1301,1464,1092,853,907
2985256907_1.jpg,1114,1103,1428,1352,1223,1320,1249,1319,987,1403,960,1385,1040,862,1531,1165,1484,1277,1429,912,1017,948,1089,1249,846,1275,1069,1256,973,937,925,839,1017,948,1011,861,1361,1418,1017,948,1476,864,1069,865,1127,1298,1336,1277,982,862,1045,1435,1038,822,1361,1418,1045,1435,1131,1237
2986008801_1.jpg,1292,814,985,912,1440,787,1318,1232,824,1180,1054,873,1101,788,1054,819,1452,1249,999,770,1156,1287,1297,1266,1188,1343,1025,770,1181,1254,1108,1254,1308,901,1315,1472,1282,775,954,1411,965,897,1483,1115,1491,1046,1139,1228,1282,1274,1288,871,1173,1522,1327,1249,1211,1344,834,1212
2986046144_1.jpg,255,740,599,805,433,555,462,312,420,275,719,618,669,720,273,392,331,587,452,544,325,689,200,361,236,436,156,390,581,215,317,487,192,620,534,316,351,692,200,361,450,215,325,817,398,284,522,618,467,503,461,251,249,320,282,395,325,817,669,720
298620293_1.jpg,1021,1642,803,859,1146,1399,1096,1289,878,1593,1278,1509,936,1347,1096,1289,947,747,1254,1541,1175,714,1186,1021,947,1625,1245,802,1208,858,1020,1334,780,1528,848,737,836,871,1357,1363,780,1528,724,736,1054,1248,1208,858,1192,856,1139,1244,1240,863,950,850,1201,823,947,1625
2988554491_1.jpg,657,595,613,557,677,847,765,528,808,573,632,932,682,809,761,816,790,987,700,865,808,573,654,534,647,946,678,741,613,557,966,684,749,818,655,559,749,818,543,767,603,613,801,830,792,514,807,811,665,611,811,824,922,871,768,797,650,592,859,533
2988554491_2.jpg,533,477,614,714,541,475,656,722,657,620,502,428,766,424,766,424,763,474,598,660,626,671,603,671,539,499,504,450,642,814,744,497,730,672,558,673,673,621,627,718,612,657,574,497,727,496,525,480,753,425,536,446,763,474,791,427,709,486,714,433
2988557119_1.jpg,1764,752,1424,1269,1477,1234,1628,730,1233,795,1120,753,1390,1548,1204,1047,1523,678,1261,786,1479,1278,1371,1328,1316,1228,968,984,1149,737,1606,856,1511,1514,977,1193,1333,1190,1820,1190,1866,1031,1123,1480,1339,1332,1268,1545,1392,1235,1655,1425,1658,681,1229,1536,1587,855,1165,734
2988905072_1.jpg,1062,842,849,881,549,816,1020,605,825,1060,807,601,849,1059,952,1010,802,931,785,648,923,810,807,601,1020,661,951,586,766,595,1050,612,772,913,907,881,1069,821,941,766,727,626,796,757,549,816,641,601,687,640,696,635,955,642,885,819,849,881,825,1060
2990717111_1.jpg,210,248,213,264,315,377,412,249,447,393,363,237,401,248,375,267,292,405,202,288,272,417,315,377,198,249,270,350,270,350,310,494,208,285,338,372,226,280,376,286,346,435,423,436,459,310,451,382,412,249,251,286,343,409,400,278,165,407,430,426
299189676_1.jpg,530,1240,812,813,664,1357,779,717,410,709,568,1335,516,811,506,824,494,1281,902,828,481,720,505,1064,1048,645,622,1138,499,1265,759,1285,862,773,550,1263,940,694,883,765,1001,1456,1162,1302,995,774,809,1030,785,1282,505,1064,899,699,764,1346,486,829,630,1266
2993039649_1.jpg,475,552,573,490,512,450,448,457,309,399,393,276,505,357,484,441,373,306,373,306,507,270,495,398,448,550,450,443,404,277,606,402,525,456,507,270,440,455,543,287,424,264,569,253,597,442,610,347,423,542,604,415,555,263,514,291,514,543,501,302
2993129254_1.jpg,915,999,888,680,1017,839,876,1055,860,1044,969,1071,821,1003,828,981,651,981,634,832,1170,695,876,1055,682,1049,806,663,839,990,1083,774,670,1028,696,1070,846,978,1125,769,1046,705,1016,1170,791,726,1043,685,871,641,878,896,829,633,961,981,1173,952,991,932
2993871777_1.jpg,788,1114,1052,1018,688,1257,585,549,651,657,1014,1060,453,594,503,519,957,476,800,993,565,631,672,545,1016,591,643,547,1047,401,1311,1077,958,1002,958,1002,840,901,907,878,1151,420,658,1231,963,842,836,1025,680,623,935,1007,1376,839,465,884,771,906,877,454
299527853_1.jpg,518,684,567,406,442,661,435,389,473,488,508,546,446,363,527,577,652,478,505,513,471,585,485,360,354,496,597,390,559,393,472,569,482,559,559,393,542,363,451,561,425,363,435,389,633,568,561,560,516,515,442,661,446,387,592,388,457,364,624,367
2996372177_1.jpg,1255,743,1874,675,1738,839,1361,863,1707,1646,1457,830,1601,1429,1260,687,1552,1357,1399,864,1987,732,1762,865,1333,1577,1446,1643,1594,1177,1874,675,1453,1334,1849,808,1698,1409,1735,1340,1403,1335,1707,1646,1606,1272,1446,1643,1754,827,1695,734,1620,1664,1453,1096,1390,801,2074,1121
2998446585_1.jpg,796,799,732,811,867,598,933,520,743,684,776,779,634,534,709,818,852,593,846,732,653,576,961,744,834,945,732,811,865,582,934,821,759,850,945,524,783,735,721,828,720,533,861,791,664,932,817,954,846,813,773,853,956,764,806,780,798,961,522,678
2998572157_1.jpg,1329,1023,1408,1014,1015,1522,1335,1424,1395,878,1436,1001,979,1068,1222,1276,1639,1102,1377,1357,1332,990,1067,1059,1101,1231,1039,1066,1199,1403,1324,1384,1324,1384,958,1057,1288,1445,1241,1403,966,1065,1333,1331,1505,1508,1065,1030,1084,978,1121,1377,856,1268,1175,1346,1039,1066,1332,1616
2998572157_2.jpg,1340,1412,1628,1194,1220,1433,1456,912,1561,1435,1634,1121,1003,906,1218,1397,1420,1393,1237,1402,947,1466,1199,1418,1406,999,1030,892,1434,918,1401,1400,1577,869,908,1406,1381,1406,1441,1228,1493,1006,1506,1527,1051,1012,1577,869,1003,906,1053,1562,1392,914,1544,1467,996,1518,1408,1362
3000401944_1.jpg,370,523,385,524,380,378,603,463,357,337,317,463,404,561,420,515,357,337,458,522,457,536,389,535,348,361,463,533,509,385,603,463,507,325,375,436,588,519,403,539,463,533,340,367,521,347,389,625,582,532,480,368,389,535,368,361,338,317,431,527
3000819872_1.jpg,1064,1103,1200,867,975,1203,894,896,1110,1164,896,803,1362,1251,1230,767,1186,867,1084,1457,907,853,1265,734,809,1241,1134,1082,1190,1196,1271,1377,814,784,1400,1128,895,763,942,860,1097,781,882,895,1027,1198,1375,1221,992,1094,1253,768,1201,1210,894,896,833,814,1194,1175
3002247460_1.jpg,517,150,512,497,303,112,582,386,351,389,522,200,548,203,261,474,587,367,438,365,507,375,409,382,416,405,606,142,445,384,567,420,396,144,303,136,432,321,267,124,563,124,370,182,475,403,427,536,361,196,341,198,416,405,388,306,428,406,567,420
3002247464_1.jpg,575,318,488,546,525,541,584,582,446,301,567,341,651,422,467,455,438,499,426,509,584,582,424,289,384,335,440,433,593,332,535,404,454,623,488,546,488,546,399,332,425,517,593,332,444,532,454,623,454,452,545,529,608,294,528,304,510,519,390,355
3002568151_2.jpg,868,881,864,1087,1003,656,753,754,842,927,918,913,751,896,586,596,1068,613,1024,614,633,598,801,963,942,612,938,1063,946,648,768,897,946,648,599,583,1002,1021,935,582,694,597,764,878,913,906,762,953,764,878,964,678,875,924,767,597,758,1082,938,1063
3002568151_3.jpg,898,1096,671,1036,447,998,875,733,738,971,651,710,533,724,414,913,710,1160,655,995,829,988,859,1126,420,935,932,1062,671,1036,916,1080,802,709,862,762,671,1036,684,1157,783,1038,612,1000,1002,916,633,1145,487,1055,409,891,809,902,490,707,564,1114,633,1145
3004312424_1.jpg,648,413,662,494,550,528,643,491,657,485,471,279,550,281,701,320,647,503,409,474,667,255,644,400,581,440,634,530,663,609,547,480,508,328,598,513,552,626,672,276,708,276,492,597,568,510,537,324,537,314,585,475,648,280,471,258,455,563,508,328
3004338997_1.jpg,628,416,405,401,384,278,532,273,376,461,450,277,528,297,494,437,509,294,496,274,479,438,556,277,457,470,597,471,457,470,345,378,426,407,422,449,533,300,637,340,568,496,540,259,637,354,471,439,536,519,507,445,361,274,424,441,448,442,410,432
3005087184_1.jpg,818,535,1012,797,894,776,930,812,1002,411,1145,566,818,535,1051,725,662,734,729,834,1148,590,1003,453,1042,732,935,748,869,632,1012,797,791,546,800,543,1033,474,1007,637,857,770,1149,662,1148,590,960,489,824,518,981,810,964,481,949,746,1148,590,1013,711
3005381551_1.jpg,353,537,187,498,338,515,435,305,454,500,423,416,258,274,229,279,539,514,475,229,558,426,434,622,182,325,457,245,234,336,247,328,358,499,368,266,458,478,179,483,421,230,397,368,382,629,358,516,345,446,341,532,486,236,330,527,318,505,374,443
3006104548_1.jpg,494,371,347,363,319,461,518,330,398,530,508,351,463,508,364,350,380,511,539,333,484,333,434,510,392,498,470,366,522,571,489,352,481,370,429,498,561,534,481,370,401,497,470,319,358,313,463,508,513,370,332,315,381,578,392,364,473,336,358,313
3006823882_1.jpg,841,315,343,493,820,1140,610,820,881,1043,719,975,375,517,71,764,824,968,367,1281,693,1064,882,694,610,820,546,302,234,405,535,1044,96,864,919,490,685,979,882,694,785,1145,719,975,1028,476,559,1067,1119,306,610,820,210,391,422,526,586,1037,1008,485
3006930100_1.jpg,902,675,699,546,786,530,828,877,787,721,899,829,899,829,920,550,808,821,887,746,899,829,908,791,560,832,760,843,891,508,524,728,950,560,904,556,983,741,848,798,937,551,677,595,778,545,781,991,975,785,912,496,536,771,944,554,543,792,806,842
3008360513_1.jpg,1216,2252,1032,1680,1551,941,1577,990,1070,1794,644,1037,1490,2186,1621,724,1279,1004,1909,1822,653,964,1246,738,789,1043,509,1422,846,1031,524,1491,1378,1022,845,797,821,972,849,1719,1242,1733,889,1255,1516,798,1205,840,875,1812,679,954,814,1743,792,2054,1941,1760,1161,1738
300840911_1.jpg,527,353,415,141,476,186,552,317,423,362,615,165,645,116,637,109,531,436,602,311,680,352,442,180,599,325,562,132,700,224,639,410,573,267,435,131,407,149,480,127,580,157,700,224,540,337,476,413,602,301,560,316,587,233,537,357,491,179,384,284
300852540_1.jpg,191,279,102,354,195,331,125,495,158,501,142,452,47,310,47,310,90,486,217,317,142,566,185,438,217,498,144,493,106,340,137,498,192,337,190,409,211,590,179,284,133,556,185,438,172,500,72,431,53,305,258,293,245,292,70,349,53,305,205,322
3010358801_1.jpg,1526,638,2092,1104,1604,1335,1909,623,1627,1294,1341,1271,1400,1376,1498,1227,1364,688,1873,621,1348,1255,1263,582,1470,1107,1908,783,1980,705,1457,704,1429,1265,1460,1322,1572,1406,1516,568,1431,601,1395,1659,1605,1245,1909,623,1947,694,1879,1490,1913,838,1947,694,1341,1271,1669,1269
3012878684_1.jpg,852,587,721,784,621,607,803,902,811,757,617,538,694,848,797,611,734,883,682,1035,852,587,888,845,808,722,630,606,617,538,869,539,722,882,796,1020,810,827,704,908,882,526,710,881,655,539,741,1041,762,919,474,831,678,571,762,919,572,976,799,587
301384259_1.jpg,966,1296,1047,1143,1077,1189,972,841,1068,1138,1206,1203,951,772,911,734,1501,1146,1034,1363,909,868,1232,809,945,859,869,854,1234,1140,977,1024,1217,1141,1059,1067,1130,1187,1213,1162,1103,738,1204,813,1490,1177,1520,1050,873,776,1045,1169,1251,1158,1096,1163,911,773,1173,1018
3014505740_1.jpg,2261,1824,1943,1155,2383,2078,2461,2514,2112,2076,2825,1173,2366,1977,2650,1263,2009,2039,3089,1559,2885,2198,1679,1141,2187,2090,2169,1971,2009,2039,1806,1295,2553,1144,2052,2022,2318,1975,2136,2515,2062,1559,3013,1961,2316,1815,2988,2024,1782,1061,2553,1144,1915,1348,2149,2084,2041,2053,2025,1334
3016219064_1.jpg,867,2148,648,1517,756,1962,536,1367,841,2152,663,1573,911,2212,1000,2169,694,1564,1162,1524,946,2131,1007,1546,1562,2063,747,2105,652,1822,1142,1532,583,1437,584,1576,628,1928,1047,2106,1562,2063,946,2131,618,1390,949,2064,678,1569,643,1867,841,2152,881,2521,712,2159,1055,1476
3017468498_1.jpg,592,537,592,537,448,528,837,390,703,173,358,640,344,192,469,679,485,116,683,216,449,493,245,519,669,213,439,673,405,481,426,465,485,116,431,518,409,161,206,390,486,542,755,562,414,201,557,484,742,129,572,543,627,336,428,199,433,172,593,463
3020509517_1.jpg,449,190,454,247,521,421,526,522,474,417,566,407,515,401,651,339,584,198,478,523,533,355,571,326,607,223,561,230,493,353,449,242,494,389,482,297,519,355,376,477,447,514,600,469,567,227,450,252,405,190,609,456,300,363,300,363,454,247,580,408
302142529_1.jpg,697,746,1436,1777,808,1711,1177,634,1201,1519,647,941,751,759,1134,837,968,1491,815,1146,1676,1405,1006,1626,1356,1853,1706,1164,1636,1514,725,749,1293,759,939,1495,1002,705,758,956,1223,1429,1230,819,1022,1536,1292,783,801,921,840,1756,808,1711,1707,1102,918,1446,789,907
302142585_1.jpg,434,671,605,1256,586,1526,492,1248,801,1179,810,756,910,567,396,847,798,1210,740,1300,434,671,534,1237,506,1497,850,1175,203,1120,191,1079,1139,835,1142,923,1139,835,618,1316,806,571,977,1402,769,758,826,694,837,1498,891,614,630,1213,206,767,771,580,648,1317
302142598_1.jpg,1222,1328,1374,1164,1099,569,1092,492,467,580,995,1058,1158,1072,1007,1014,1029,1168,1094,844,771,498,1415,1083,623,547,1163,475,1465,778,1138,554,1021,509,878,1112,836,1047,1463,823,851,1110,800,1088,1054,610,774,543,800,1103,814,807,1463,823,1160,551,1396,1125,1119,1122
302148352_1.jpg,698,568,826,815,1016,540,1023,372,1178,703,998,1191,586,544,981,905,744,973,745,949,1023,372,939,688,963,434,936,1228,1058,520,936,1228,1049,372,1011,420,530,1123,766,944,682,535,1058,520,963,434,511,493,1176,742,1073,377,725,420,951,1013,377,827,966,744
3022230063_1.jpg,410,297,424,402,464,482,396,317,573,347,560,356,582,302,331,486,463,514,483,472,572,300,393,276,484,442,406,473,533,338,418,483,410,297,473,443,543,543,326,473,607,320,371,279,511,481,452,468,434,288,433,488,552,336,430,329,509,414,503,477
3023336098_1.jpg,313,321,279,456,250,489,387,395,217,470,358,267,315,274,263,563,331,530,312,548,336,323,211,310,143,510,307,363,358,267,315,274,276,562,362,283,279,456,290,417,186,311,354,498,284,443,316,310,367,268,316,310,367,268,185,328,271,457,227,290
3023909862_1.jpg,501,539,548,369,399,619,469,540,457,556,500,455,482,526,516,662,429,486,513,319,550,338,500,455,417,642,541,650,462,525,502,528,594,604,527,339,536,366,384,593,639,491,420,384,426,344,451,664,489,433,582,348,387,319,518,546,492,487,558,375
3025229116_1.jpg,1524,2028,1383,1558,1703,1431,1761,1999,1495,766,1632,1656,1345,1574,990,1270,1558,1192,1515,1387,1888,848,2070,994,1432,827,1773,1650,2085,1753,1825,1688,1294,949,1595,1653,1340,925,1468,1543,998,1441,1897,1042,1456,1690,1456,1690,2024,892,1216,783,1521,986,1425,1550,1617,1743,1400,746
3026147764_1.jpg,1068,1352,1343,1430,1288,1280,1024,946,1466,1237,1413,840,1001,927,1176,1248,1306,963,886,948,1501,1077,1288,841,865,831,1261,1108,1501,1077,1022,1327,921,920,1063,1305,1233,1303,957,824,841,1413,1208,1182,1501,1077,1127,1314,1454,1267,878,939,921,920,770,1341,1046,842,900,954
3026829129_1.jpg,1294,1224,1506,1640,1735,1953,1190,1103,1567,1560,1288,1191,1365,1239,1280,1214,1121,1699,1668,1531,1532,2020,1521,1682,1097,1616,1553,1795,1468,1675,1880,1113,1456,1138,1859,1256,1610,1727,1234,1881,1392,1121,1669,1664,1639,1654,1846,1243,1848,1106,1304,1051,1781,1282,1521,1682,1473,1637,1647,1769
3029583659_1.jpg,1752,1605,1916,1293,2081,1033,2081,1033,2107,934,1662,1308,1932,1018,2060,1060,2107,934,1501,935,2028,931,1663,806,1823,1523,1966,1000,1621,940,1967,1539,2152,952,1745,1489,1148,1142,1423,1789,1540,1457,1142,1324,1819,1711,1265,1646,1898,1183,1660,983,2102,1244,1161,1456,1783,1596,1859,1537
3029583859_1.jpg,1582,1518,1669,805,1238,776,1701,1812,1477,1576,1458,831,1878,1669,1109,1384,1722,1471,1358,1774,1669,1302,1179,812,1525,1837,1833,912,1575,1593,1848,967,1687,961,1835,763,1354,981,1422,957,1616,1428,1503,1512,1848,967,1487,1313,1675,1467,1669,1302,1671,1569,1386,1451,1651,835,1271,769
3030012395_1.jpg,1516,1167,1328,1560,1152,977,1270,1699,990,1023,1083,978,1268,1563,1346,1600,1492,1129,841,1360,1660,1668,1071,1149,1264,1636,1516,1167,1078,1125,1448,1918,1637,1045,1108,1870,1084,1036,1293,1945,1063,1137,1018,1053,1358,1718,1610,1042,1704,1546,1663,1053,990,1023,1394,1599,1088,1157,1050,1042
3034068134_1.jpg,341,430,472,306,329,288,392,462,366,440,346,371,306,269,440,522,417,441,392,462,315,292,322,303,380,443,430,439,430,439,347,271,478,299,349,422,510,471,306,468,342,304,359,438,433,305,338,269,294,259,433,305,398,432,385,420,549,365,478,299
3035040633_1.jpg,244,616,281,311,206,295,313,551,410,260,419,260,236,339,403,308,429,262,170,337,415,279,148,544,393,508,382,612,429,526,301,402,291,426,274,524,350,524,429,526,301,402,363,327,314,460,161,335,290,518,450,377,277,290,373,317,350,524,360,333
3035557812_1.jpg,350,169,370,164,339,279,155,459,191,130,325,409,189,185,279,392,242,382,424,331,207,379,324,487,239,206,291,357,69,329,243,355,303,417,251,385,402,166,67,313,199,204,403,391,189,185,339,392,128,440,436,185,405,184,265,145,234,401,279,356
3035796193_1.jpg,420,412,412,515,416,336,405,339,435,453,419,515,454,346,397,470,344,509,380,509,497,316,430,311,441,308,333,380,325,384,345,393,315,348,399,513,497,316,320,392,595,432,327,396,344,509,405,529,397,470,467,491,430,311,400,326,527,573,395,336
3036412907_1.jpg,484,433,433,443,590,430,600,395,442,402,588,594,583,378,599,437,420,385,485,442,420,406,419,641,626,390,583,378,490,598,588,594,611,712,636,418,488,438,621,438,590,534,584,609,577,633,553,639,578,594,643,421,535,615,611,712,636,418,515,549
3036412907_2.jpg,593,421,435,414,614,424,530,558,644,410,504,374,471,565,435,414,631,379,564,613,478,577,631,379,520,698,462,571,488,409,712,545,476,589,543,559,590,584,610,405,542,592,476,589,444,402,524,527,447,418,586,603,427,646,504,587,491,414,580,369
3036412907_3.jpg,426,380,381,562,524,636,579,713,564,716,626,452,575,596,546,595,480,399,610,390,467,598,680,641,689,628,437,376,389,592,630,432,451,422,533,718,575,547,402,621,540,613,681,403,480,440,483,423,647,674,704,601,480,440,448,435,626,408,445,424
3036412907_4.jpg,470,542,491,488,611,385,356,554,508,668,522,514,504,541,462,564,670,499,550,659,540,575,494,407,497,589,503,364,477,397,478,578,362,566,475,549,670,499,466,414,572,568,439,401,642,403,651,405,471,396,368,578,584,429,466,548,368,578,632,438
3036412907_5.jpg,445,485,602,435,301,445,514,371,573,345,526,373,386,565,421,359,410,314,371,356,555,371,512,361,555,371,445,485,388,481,599,447,547,360,493,406,470,452,535,357,394,488,376,326,480,476,355,329,520,372,322,503,395,482,480,476,543,541,450,583
3036476835_1.jpg,433,511,488,307,504,621,379,641,473,397,364,437,484,322,400,510,418,527,323,269,416,646,227,493,469,260,227,493,579,542,273,572,546,585,413,494,387,549,473,277,524,245,294,244,486,511,427,555,536,324,484,322,249,278,249,278,285,312,427,555
3036934213_1.jpg,1252,840,2079,876,1358,834,1850,928,1285,957,1858,784,1463,1150,1441,1519,2071,1645,1662,1569,1773,1534,1819,1437,1285,957,1137,1328,1723,1290,1987,791,1196,1511,1760,1195,1476,1478,1178,836,1773,1534,1551,1400,1793,979,1511,1400,1285,957,1405,785,1178,836,1815,788,1262,779,1828,935
3037891920_1.jpg,578,774,513,667,578,774,276,632,214,498,526,782,534,459,677,277,702,695,788,449,746,636,646,246,307,671,539,591,666,253,555,356,415,609,276,632,415,609,357,356,732,657,685,712,766,593,442,619,531,353,217,334,214,498,553,512,269,287,289,317
3038488195_1.jpg,420,317,546,484,565,336,530,441,369,322,392,299,360,540,357,325,546,354,395,562,380,302,553,336,523,514,416,337,553,336,421,356,463,515,409,337,372,548,513,484,395,562,372,548,569,317,383,555,382,318,519,445,539,415,463,515,382,318,575,352
3038704879_2.jpg,501,516,415,615,394,416,453,618,460,556,365,404,301,789,431,770,165,551,318,397,463,732,482,453,369,662,440,677,517,449,382,685,302,399,428,688,333,803,525,449,442,758,201,699,420,689,442,758,287,779,224,723,411,689,452,678,331,480,369,706
3038732539_1.jpg,480,489,702,486,700,566,681,739,544,563,444,646,620,692,741,547,571,692,607,748,545,549,702,486,687,550,700,566,631,747,667,491,706,511,713,543,687,550,749,550,591,763,539,662,521,840,641,896,516,542,620,692,566,782,505,564,757,864,528,565
3038747613_1.jpg,1117,972,845,753,1162,1094,990,1116,943,944,1349,967,824,1196,1081,1079,1010,1062,1250,722,914,1095,888,753,784,738,953,923,978,1088,1117,1055,1352,939,788,1152,928,813,785,771,1096,1055,1062,730,1010,1062,987,1004,1304,1129,1096,798,921,805,1075,1114,989,1065,1122,950
3038768709_1.jpg,1087,2609,1100,2295,1476,1451,1025,1676,955,1694,677,2203,1293,2644,1132,2316,1069,1466,1457,2283,1574,1362,1607,2461,1786,2043,1632,1435,906,1697,1190,2040,1025,1676,1166,2334,1106,2202,1431,2225,1255,2207,951,1613,1276,2041,1402,1999,1021,1621,1490,2577,1456,1383,1287,2203,699,2255,1419,1395
3039319098_1.jpg,374,507,366,340,572,490,468,594,576,478,366,360,359,338,304,474,406,533,491,375,459,385,382,345,455,382,474,373,480,352,447,353,322,535,369,431,407,502,491,352,467,335,380,510,510,340,422,503,382,487,369,431,557,525,454,512,338,320,380,415
3039563250_1.jpg,574,290,400,445,628,417,445,568,414,456,383,443,398,449,545,266,496,466,413,243,393,439,442,488,591,246,569,264,624,277,445,568,393,220,601,472,510,458,405,221,510,458,520,374,439,435,405,221,388,452,389,287,423,291,567,245,569,311,522,387
3039565724_1.jpg,338,675,313,431,436,650,446,584,553,625,293,482,496,463,450,657,440,403,358,689,294,456,497,446,355,597,382,602,348,683,323,460,530,417,326,408,335,470,458,767,352,547,354,646,321,658,427,652,364,781,507,720,489,391,339,662,405,698,285,482
3039925276_1.jpg,1319,2030,1420,1525,1800,1570,919,1674,2172,648,2121,1683,2276,1152,1853,1579,1846,827,1829,1617,1373,773,1389,798,1339,1552,1965,529,1789,644,1950,733,1789,1482,1800,1570,2241,1358,1373,1635,1197,1970,1322,740,1271,1534,994,1788,1867,541,810,1349,1461,1034,1246,831,1185,823,1373,773
3040240981_1.jpg,1367,1521,1294,1485,1425,995,1089,1706,1281,1454,1873,950,1367,1521,1505,1513,1798,1072,1331,1477,1946,1050,1289,828,1419,1619,2010,1424,1841,1019,1359,1482,971,1173,1946,1050,1424,938,2087,972,1819,1079,1279,1519,1467,800,1534,1846,1194,1800,1872,892,1264,775,1475,1509,1410,846,1658,1371
3041080378_1.jpg,998,1563,942,1452,1449,1390,1617,1091,1452,1477,1131,1079,1262,1081,1213,1502,1709,968,1638,917,1551,1515,1709,968,1752,932,1115,1070,1126,967,1346,1543,1658,1032,1567,1039,1160,912,1687,1597,1483,1477,1309,1507,1441,1801,1028,947,1709,968,1262,1504,1269,1486,1551,1750,1511,1534,1654,1085
3042655945_1.jpg,303,126,195,196,178,282,266,134,245,321,173,148,280,406,203,180,188,183,195,180,301,182,280,258,322,129,301,301,330,390,192,145,284,128,288,144,223,315,295,299,289,306,280,297,319,175,218,367,161,164,182,190,259,403,245,321,275,318,291,405
3042677096_1.jpg,707,250,593,461,723,586,748,387,678,320,744,236,871,580,893,601,635,229,908,321,965,218,834,555,986,317,1099,604,877,425,824,531,787,555,726,567,997,710,881,223,907,251,653,646,843,532,715,547,757,555,735,737,804,531,841,620,723,440,1023,240
3042677096_2.jpg,566,869,800,823,690,824,745,779,552,530,551,854,857,903,862,566,696,942,491,743,583,574,705,830,809,774,870,504,871,563,701,800,655,929,613,552,908,489,796,563,969,659,800,823,656,522,718,946,813,814,815,485,779,799,809,774,798,649,872,544
30427236_1.jpg,692,772,750,651,674,768,657,669,842,715,549,478,711,774,773,449,741,655,659,658,789,454,595,492,581,496,771,421,563,679,638,657,642,646,561,436,657,669,750,639,588,494,587,705,773,449,541,650,731,659,719,559,670,658,696,642,603,572,710,593
30427236_2.jpg,383,489,294,501,240,346,490,419,373,353,313,459,340,529,262,380,325,487,350,508,317,509,236,547,200,358,318,497,286,509,420,323,313,459,393,505,219,528,396,582,238,369,300,414,358,507,488,445,377,443,317,509,201,346,414,357,240,346,388,496
3045005984_1.jpg,506,340,607,429,253,497,303,561,472,513,262,344,516,501,328,360,403,440,402,453,374,332,430,545,315,367,504,270,491,342,330,336,490,410,503,623,498,547,417,525,528,492,316,338,476,343,445,531,477,331,472,336,359,599,455,628,360,335,494,318
3045921676_1.jpg,305,339,561,295,476,449,435,226,498,189,337,255,435,200,374,393,396,486,418,220,439,261,508,186,348,262,545,500,475,435,405,482,320,334,511,565,508,186,343,275,424,494,378,490,378,490,390,511,486,490,566,368,315,283,417,420,555,463,387,491
3048153244_1.jpg,715,937,748,487,805,685,929,715,885,786,971,473,795,814,912,980,1056,741,795,814,972,543,971,473,667,891,986,553,776,584,622,812,825,792,1006,505,776,584,708,575,713,490,712,581,910,568,851,991,929,482,855,788,683,531,596,724,898,509,846,865
3048914345_1.jpg,842,787,813,1081,917,1090,777,777,853,769,917,1090,845,763,1034,1085,1312,993,733,711,1004,1111,875,1153,830,970,795,664,1034,1085,803,788,841,902,1099,764,1103,707,1018,777,1281,1109,949,1089,858,778,933,1162,1126,1279,1026,1324,802,702,745,1041,844,1062,1119,778
3049194263_1.jpg,642,841,837,500,1016,705,767,902,633,862,572,624,767,759,675,1049,711,881,881,506,549,596,953,919,953,919,730,1049,601,873,602,549,572,1016,865,596,889,537,809,867,773,869,707,784,865,587,810,853,714,857,587,869,750,772,587,857,670,918,749,909
3049915594_1.jpg,494,1303,1666,1934,803,1898,644,1309,991,1900,1194,1316,772,1690,1088,1827,712,1810,759,1881,997,2063,1521,2220,987,2016,703,2024,1438,2292,827,2056,739,2012,916,2106,1357,1405,1105,1529,1342,2347,938,2188,1165,2081,816,2172,1183,1546,722,1471,756,2076,1247,1478,802,2436,849,1910
3050267766_1.jpg,2111,1231,932,1271,1458,2300,1436,2668,1547,2224,1460,2249,1922,2337,2002,2271,1720,2278,1520,2184,1922,2337,2103,1350,1282,1429,1981,2188,1321,1514,1105,1522,1370,1480,1958,1362,1901,2193,1777,1277,2479,1686,1966,2664,1777,1277,1003,1342,1105,1522,1827,1296,1547,2224,1593,2221,2002,2271,796,2058
3051471764_1.jpg,193,499,303,153,408,342,493,337,478,173,460,347,536,430,408,342,523,181,501,445,538,106,468,474,528,451,472,417,505,325,482,417,408,476,341,440,364,434,344,585,314,154,389,273,498,151,381,465,506,416,104,296,447,441,425,420,278,189,460,347
3051542838_1.jpg,596,553,607,323,596,553,526,522,502,614,422,350,331,524,402,358,611,357,506,495,512,508,635,323,456,605,372,323,630,492,322,512,611,337,535,521,481,430,447,514,414,584,458,330,316,500,465,358,630,492,302,461,483,497,503,507,552,518,412,364
3051765471_1.jpg,1452,1018,1332,1125,1282,1148,803,1020,1286,1169,935,1563,851,1118,1060,1282,1241,1554,1204,1455,1266,1568,911,1560,868,1128,1227,1856,1303,1174,1081,1676,1204,1455,1204,1455,1350,1123,1213,1547,1079,1573,1542,1340,1344,1067,1254,1638,775,988,1068,1609,868,1128,1432,1156,1298,1138,1006,1564
3051765471_2.jpg,1366,1142,1401,1668,1505,1469,1495,894,1434,1663,1096,965,1231,992,1548,1000,1111,1561,1335,1449,1548,1000,1217,1046,1288,941,1183,1046,1233,1044,1526,1399,1414,1381,1508,1407,1198,996,1590,947,1493,995,1602,887,1582,1529,1683,1182,1511,878,1514,1366,1311,1408,1317,1378,927,1302,1613,962
3051975799_1.jpg,543,623,727,536,683,545,530,234,716,681,660,509,764,298,588,666,629,506,556,640,611,251,552,299,570,271,627,526,581,212,588,303,814,300,488,486,611,251,569,539,785,258,746,307,764,298,809,326,561,302,613,504,561,302,830,312,663,463,758,668
3052055699_1.jpg,1394,1477,2066,1360,1635,1471,1682,1519,1101,1759,1351,1192,1703,841,1880,1040,1890,997,1547,1885,1262,1485,1624,1335,1289,1496,1850,976,1856,1042,1254,1523,1761,1030,1274,739,1317,1507,1375,1525,1505,1544,1460,1619,1520,1443,1651,1575,912,1411,1352,923,1651,1575,1437,1892,1096,817,1179,919
3052055699_2.jpg,1493,1172,2025,1885,1795,1085,1378,1249,1386,1169,1992,1053,1821,1710,1416,1235,1501,1736,1831,1539,1997,1921,1261,1769,1415,1299,1843,1126,1697,1845,1875,1766,1895,1738,1828,1678,1475,1237,1234,1193,1952,1230,1769,1719,1631,1833,2023,1066,1689,2072,1409,1943,1821,1211,1523,1127,1251,1206,1833,1247
3052817324_1.jpg,326,422,256,478,302,486,417,320,242,352,334,431,325,525,356,527,417,320,350,511,368,534,350,511,334,431,389,360,284,531,203,394,309,517,469,526,389,346,335,367,325,525,221,353,342,522,252,467,383,363,326,313,269,524,187,522,326,313,260,528
3052865023_1.jpg,638,905,879,687,996,1172,1057,900,1042,953,824,1136,1057,900,1008,977,918,710,838,719,867,685,963,641,742,656,977,975,1097,995,1191,922,838,719,1016,902,842,688,815,711,1088,823,944,1033,1102,698,875,611,888,722,1170,717,1086,722,759,639,626,830,1016,1005
3052865023_2.jpg,626,1044,681,889,749,556,777,1072,860,999,626,538,742,913,755,916,817,950,829,893,924,575,710,1079,872,586,688,1074,884,580,523,952,784,957,804,891,859,806,665,607,790,869,689,537,860,999,487,892,729,547,461,730,606,571,830,1033,635,615,951,577
3052865023_3.jpg,538,765,806,622,802,722,859,601,839,539,839,539,914,547,626,602,698,855,938,578,798,881,679,764,609,605,683,878,938,578,829,605,798,881,662,841,819,847,668,613,623,628,731,1006,839,602,845,628,556,577,931,556,1000,848,965,902,667,818,735,816
3052865023_4.jpg,708,609,785,499,722,667,615,752,643,679,812,478,585,732,858,761,740,536,711,723,750,476,692,680,663,759,712,755,563,516,511,489,825,809,700,757,584,541,676,682,573,461,885,689,893,651,725,727,629,785,665,719,779,555,546,519,750,476,516,820
3052865023_5.jpg,574,698,840,656,499,497,836,673,595,730,728,813,492,759,550,803,457,717,848,585,706,510,746,497,723,508,722,706,594,712,677,737,499,497,679,445,846,621,677,505,746,497,496,475,639,646,694,621,746,497,615,716,594,712,584,710,777,446,650,715
3053981414_1.jpg,1311,1454,853,877,1334,1009,1401,890,1350,1010,1459,861,1311,1454,1064,1407,1470,900,1273,1130,1047,854,1255,1698,1293,1476,1505,1150,1425,892,855,923,1366,1010,1310,966,1339,954,1108,1403,1422,1496,1233,1445,1318,855,899,999,974,1023,1049,1392,1002,1416,909,1635,1018,905,853,877
30542618_1.jpg,218,284,297,111,480,265,183,341,334,132,480,265,222,450,88,103,478,283,279,458,483,231,130,170,285,336,142,95,170,100,105,343,218,284,344,102,97,328,384,425,354,78,303,344,437,377,319,358,112,159,222,340,240,454,384,425,456,348,277,97
305612849_1.jpg,543,609,626,451,592,531,539,638,450,467,620,452,592,390,489,620,479,626,581,739,437,465,566,607,620,452,471,465,613,453,602,617,608,726,405,409,593,557,631,706,477,463,535,575,457,467,510,514,464,466,557,638,450,444,611,627,480,422,535,575
3057282922_1.jpg,703,1538,1461,1223,934,1160,819,988,907,1643,935,1098,1351,1137,1261,1736,1635,1179,1242,1702,958,1423,1485,1281,985,1488,1742,1480,1006,1044,1260,1688,1584,1123,1312,1134,827,1010,702,1491,893,1606,1076,1667,1111,1714,702,1491,819,988,1352,1077,1076,1667,970,1995,1153,2019,904,951
3057639344_1.jpg,533,352,510,319,409,510,336,357,439,518,431,530,526,371,430,602,435,419,457,496,481,520,547,330,385,367,368,381,502,460,365,331,519,493,417,597,414,371,440,535,567,569,346,339,606,514,373,565,521,355,383,574,439,518,383,574,433,508,466,507
3058776532_1.jpg,1014,804,556,846,1019,709,656,998,752,869,550,604,889,599,766,868,650,653,880,519,808,717,718,855,726,799,926,541,811,613,660,589,1005,851,927,989,989,895,558,589,889,608,863,620,679,878,709,1036,691,879,614,633,795,789,632,656,795,789,881,614
305917477_1.jpg,1399,1346,1282,900,1531,1306,1257,833,1138,849,1320,1540,2018,987,1518,1414,1600,694,1822,1515,1600,1330,1285,935,1584,755,1595,1627,1707,676,1852,1486,1310,916,1643,865,1179,953,1257,1485,1647,1311,1707,676,1602,868,1059,883,1502,739,2013,1152,1233,950,1298,906,1257,833,1233,950
305917477_2.jpg,1335,953,1270,1026,1183,1739,1204,1706,1023,1608,857,1000,627,1619,985,1362,522,1404,1177,1497,1225,1017,1166,988,1270,1026,772,1113,1096,1511,982,975,1208,1475,929,1521,675,1005,948,1540,955,952,1054,1514,790,1079,1072,1555,1210,1083,1166,988,1082,1477,1166,988,919,943,948,1540
3059898359_1.jpg,557,329,634,695,540,345,600,421,650,667,782,674,605,640,792,378,877,357,651,580,760,655,814,377,765,830,736,671,834,348,607,519,642,418,777,651,584,395,598,775,685,704,748,354,754,691,650,700,634,695,649,820,784,662,631,342,722,671,631,342
3059898383_1.jpg,569,638,703,416,639,424,718,383,578,584,438,414,658,412,713,689,558,599,622,638,640,609,641,431,401,548,626,484,731,385,607,548,669,585,636,391,645,531,658,412,609,640,605,582,432,624,529,403,480,430,578,584,502,427,699,699,425,417,467,437
3059914145_1.jpg,514,370,601,598,561,390,573,422,784,382,630,626,699,429,751,424,693,612,752,419,546,389,507,426,791,579,711,583,530,388,526,434,686,699,702,603,581,594,550,434,544,414,489,658,552,414,596,489,476,647,628,537,671,536,622,601,701,691,658,582
3059914145_2.jpg,478,429,530,708,390,540,500,475,522,598,536,535,498,581,559,565,487,510,487,375,581,566,680,625,580,577,516,581,489,498,404,585,640,672,705,567,493,383,516,705,581,566,465,674,636,375,445,386,601,422,628,681,577,382,402,392,482,577,390,540
3059914159_1.jpg,579,456,539,485,569,503,552,503,733,664,617,449,735,769,448,663,570,481,554,773,711,488,665,685,638,709,532,489,717,651,432,614,578,433,489,466,651,711,562,431,532,489,617,449,706,494,473,707,564,454,665,712,731,676,592,673,473,707,432,614
3059991197_1.jpg,619,810,726,809,707,449,549,401,512,407,728,655,512,432,587,426,711,463,745,439,689,390,679,596,636,816,873,604,732,380,549,401,501,438,681,417,707,654,478,618,594,589,873,604,602,802,707,449,528,477,739,656,611,647,534,739,619,810,724,406
3059991217_1.jpg,502,567,374,401,621,404,680,601,599,573,546,369,380,392,433,392,525,578,426,436,581,572,414,433,421,421,705,495,581,572,586,374,644,652,621,672,505,699,592,353,583,600,639,359,476,688,622,371,470,577,568,358,699,542,473,512,654,640,565,412
3059991227_1.jpg,471,459,365,317,576,446,486,309,462,485,404,479,367,537,346,305,398,476,521,337,405,474,516,339,473,297,364,301,432,486,469,384,355,303,397,482,478,312,424,462,310,441,354,348,582,382,493,468,494,485,468,313,479,468,393,340,524,305,578,433
3059991235_1.jpg,655,597,943,602,602,504,756,731,754,617,811,421,545,437,512,663,641,485,572,425,802,675,811,421,822,819,773,481,758,544,579,490,658,711,728,843,600,792,527,700,573,495,783,720,610,477,783,586,750,660,691,704,558,750,675,671,913,716,585,779
3060400828_1.jpg,356,305,468,456,545,474,514,520,534,241,479,440,520,258,485,292,408,266,506,281,387,446,426,457,341,298,506,281,394,460,490,467,451,458,306,271,480,343,324,270,557,449,493,539,362,306,428,556,306,271,291,468,494,441,503,441,344,301,502,450
3061006494_1.jpg,1120,2276,1366,2239,1218,1744,1331,1973,1207,2294,689,1773,1580,1299,1632,1302,1497,1474,1497,1474,1084,1926,1132,1972,912,1283,1126,1883,1040,1409,1117,1206,1400,2023,859,2091,1410,1891,1508,1354,1146,1422,1393,1927,991,1373,1253,1967,1002,1388,1064,1899,1425,1777,1252,1756,1422,1949,1344,1925
3061668030_1.jpg,496,201,487,173,416,343,550,162,339,356,435,343,442,322,513,331,422,203,455,346,353,376,441,247,444,362,526,400,339,356,526,400,497,341,374,164,532,169,487,330,459,332,391,213,491,166,509,325,477,294,388,409,374,179,396,214,570,302,503,354
3065355522_1.jpg,444,170,884,535,729,643,560,499,635,157,452,196,598,406,802,177,660,238,734,247,935,340,699,482,597,535,507,195,705,490,687,250,655,369,682,656,922,453,689,221,574,459,497,484,521,491,696,469,745,244,437,196,652,476,455,526,656,152,794,612
3066109411_1.jpg,921,729,1093,1101,1082,811,1052,736,1161,701,1154,783,822,726,801,782,996,1126,774,1198,908,1113,1108,818,1082,811,871,1122,908,1113,1216,743,1215,1230,977,1126,1055,1005,885,784,891,703,774,1198,908,1113,1058,1313,1055,1157,908,740,879,1092,1269,740,793,1221,862,775
3066644361_1.jpg,806,1647,1462,1590,1233,1093,974,1799,633,868,771,801,935,1795,1349,1074,1155,1398,755,2039,1233,1093,979,1481,452,1733,667,970,545,1871,1111,1664,1052,1661,722,874,1010,1707,1062,2074,583,1911,820,1414,836,1647,547,885,979,1481,1013,1606,770,1705,623,989,1510,1362,863,1773
3067126321_1.jpg,1043,1328,1066,1366,1007,1113,1235,1472,1146,1472,1318,908,1696,1553,1064,1238,1280,1472,1515,1737,1292,1788,1149,1589,1243,1280,1376,1035,1265,1498,1696,1553,1254,1310,1469,975,1272,1066,1043,1328,1171,1531,1001,1104,958,969,1258,1470,1231,1360,944,1022,968,962,1596,1665,1225,1254,1124,1513
3070875477_1.jpg,1090,1218,1614,1439,1983,1334,1361,1714,1756,1017,1573,1482,1708,1496,1283,878,1840,1595,1681,1729,1539,1308,1409,1443,1969,1375,1539,1308,1388,822,1390,1431,1783,958,1309,958,1398,946,1710,1213,1663,1439,1608,1312,1108,1344,1354,818,1748,968,1839,965,1802,958,1936,1454,1738,1013,1333,999
3071120472_1.jpg,391,296,510,532,546,430,472,444,463,505,313,473,431,323,407,339,455,503,355,549,558,354,417,276,531,447,398,326,416,488,556,315,485,493,430,505,414,341,317,487,436,482,577,356,502,480,587,539,446,500,546,430,571,356,476,532,534,485,377,569
3071550860_1.jpg,492,618,565,405,329,725,488,650,427,650,329,725,328,344,634,493,508,606,315,359,403,472,613,574,513,458,544,376,399,638,311,352,403,472,560,344,584,320,633,335,519,476,599,400,633,335,402,575,358,342,492,618,382,375,505,587,570,320,590,630
3071735588_1.jpg,1506,1386,1471,807,1401,1128,1449,940,1576,1380,1666,1644,1648,829,1456,1434,1445,1370,1409,1446,1389,1696,1560,1384,1806,1503,1046,1023,1565,848,1595,1682,1046,1408,1111,952,1339,1417,1244,1413,1542,1397,1151,1537,1156,1016,1502,920,1542,919,931,955,1243,1294,1248,1430,1091,1006,1139,949
3073619793_1.jpg,424,432,368,386,416,357,459,263,502,489,404,382,407,433,594,347,335,443,416,433,339,244,392,384,396,451,350,408,315,288,380,385,565,434,497,249,465,302,484,246,317,252,355,431,349,256,307,233,350,510,293,250,325,369,589,373,492,299,278,361
307494478_1.jpg,830,546,706,773,538,542,602,680,634,693,558,546,703,793,715,649,614,909,842,550,555,740,617,615,574,757,788,513,836,696,780,562,805,538,617,752,777,534,708,879,507,522,772,559,492,460,709,632,589,548,584,466,708,879,589,548,772,559,538,542
3075293468_1.jpg,803,887,837,971,656,613,786,1086,669,668,604,967,719,583,1049,635,719,583,735,929,735,929,738,616,790,613,811,1090,916,925,861,845,919,682,919,827,962,691,992,1023,763,818,911,775,749,940,969,599,819,841,678,581,957,629,725,904,1107,824,876,968
3075293468_2.jpg,803,902,833,775,943,1081,662,669,758,1112,768,926,685,926,617,635,914,651,803,902,635,676,737,1102,959,585,945,661,856,918,877,1112,993,607,737,1102,706,782,925,607,882,611,862,615,847,828,890,911,633,698,896,577,959,585,711,927,1066,966,689,694
3077501407_1.jpg,304,521,492,314,301,322,382,504,309,305,603,389,374,470,382,504,527,270,448,275,342,308,381,482,329,304,262,290,329,304,325,544,329,304,273,468,268,454,372,480,413,470,592,450,321,324,353,487,390,584,596,435,329,304,335,322,453,397,452,583
3077637317_1.jpg,782,495,636,719,656,739,696,660,458,693,815,800,727,511,703,698,830,456,732,697,738,520,722,518,502,778,623,733,632,590,796,503,880,620,704,470,672,718,515,792,826,785,612,484,807,441,672,718,634,736,718,697,592,851,718,583,632,656,750,442
3078135517_1.jpg,695,439,983,427,931,736,770,711,1025,455,920,910,970,612,922,713,988,717,836,625,1050,453,1065,425,1148,630,985,734,968,381,799,762,1113,730,988,717,1030,414,922,713,530,586,837,711,649,372,560,715,782,751,900,780,968,381,776,698,1062,450,859,630
3078332786_1.jpg,420,351,333,306,359,390,434,446,339,421,515,469,290,479,280,469,532,449,559,378,321,295,485,293,252,426,556,391,343,447,434,446,463,266,394,458,429,433,305,259,472,302,434,446,280,469,372,458,459,508,362,456,243,403,321,295,435,253,305,259
3079176108_1.jpg,421,821,429,955,413,911,329,833,514,1102,751,1508,488,943,647,1249,378,936,906,1423,681,1297,759,1274,603,1277,757,907,872,882,647,1513,536,1049,514,1102,539,1312,419,863,397,820,785,1253,459,950,639,1303,1095,1100,508,1130,539,1312,1103,995,353,1200,785,1498
3080573833_1.jpg,285,244,90,425,147,277,345,259,130,522,295,281,362,204,461,408,166,326,150,550,458,426,147,277,309,484,318,480,187,317,224,490,147,277,199,596,310,613,224,490,189,311,333,487,261,466,295,412,235,524,326,476,320,468,337,259,340,226,272,248
3080740886_1.jpg,845,873,859,872,698,797,789,810,829,932,700,910,689,581,731,881,758,860,662,635,1001,957,548,778,839,633,789,810,952,1007,653,664,698,797,776,859,917,619,804,1067,873,903,692,779,626,641,797,905,645,987,863,644,1069,761,803,877,688,644,595,607
3081187199_1.jpg,1991,2436,1956,2883,1419,1809,1821,2507,2082,1734,2180,2425,2259,1704,1948,2593,1907,2425,1620,2806,1528,1772,1166,2455,2424,2034,1347,1770,1562,2789,1303,2644,2107,1624,1620,2806,1094,2292,1583,1841,2186,2366,1527,1868,1868,2568,1459,1928,1829,2552,2276,1655,1473,1787,1853,2105,2184,1647,1921,2510
3081510905_1.jpg,416,381,385,226,574,398,471,230,489,374,521,245,386,374,345,266,337,222,336,236,417,397,390,314,496,365,387,323,597,357,386,236,539,226,425,363,415,363,484,246,300,331,394,305,485,369,597,357,501,370,588,378,425,363,523,210,526,253,489,258
3082881316_1.jpg,1321,1257,1556,880,1500,1539,1161,1379,1138,1392,1109,979,1315,1652,1475,1566,1030,1015,1047,1015,1170,1255,1361,1448,1361,985,1654,1164,1337,1460,1031,962,1338,1371,1312,890,1031,962,1384,1433,1445,875,1294,1376,1040,907,1382,946,1171,1356,974,992,1096,1007,1171,1356,1654,1164,1134,1419
308315761_1.jpg,840,605,525,482,563,702,696,493,463,709,602,689,624,689,670,699,780,756,551,822,538,602,707,811,504,484,780,756,678,696,629,732,654,723,468,440,629,707,676,439,644,581,635,689,545,490,642,728,457,692,717,517,529,505,629,707,550,504,545,490
308315761_2.jpg,448,392,590,408,523,409,469,728,604,396,498,724,547,432,436,410,385,435,410,406,345,403,539,534,454,727,517,603,556,391,392,432,423,408,551,411,418,615,604,396,392,432,469,728,466,555,541,412,557,680,347,672,397,706,418,451,590,408,546,393
308315761_3.jpg,546,511,460,467,454,497,351,511,471,472,447,500,450,422,355,355,332,325,480,473,361,368,404,487,364,356,503,309,400,469,467,346,506,303,367,331,332,481,375,538,412,477,462,492,482,341,513,545,332,368,348,338,343,372,481,331,312,334,462,492
3083968872_1.jpg,386,397,525,431,376,222,536,233,464,269,356,258,472,240,387,272,407,424,297,390,361,257,468,265,294,379,503,256,437,492,387,272,538,410,561,313,377,481,453,426,479,391,391,339,472,240,493,254,321,434,526,238,392,403,446,396,513,219,485,273
3084206931_1.jpg,424,434,587,383,388,363,508,408,518,493,378,300,472,369,469,381,466,357,640,225,517,385,490,195,438,194,487,208,480,209,614,205,495,199,488,278,642,460,461,140,662,215,715,377,517,385,502,170,433,159,668,440,715,377,468,160,609,221,518,493
3084329562_1.jpg,1253,975,1606,886,1851,1292,1607,1017,1375,1200,1357,1232,1125,902,1552,1531,1437,1858,1600,1476,1325,1836,1483,1543,1813,1465,1600,1476,1455,1614,1786,910,1268,1477,1434,1441,1334,991,1644,1059,1851,1292,1551,1451,1347,1003,1567,924,1260,892,1401,897,1612,1053,1326,845,1607,1017,1292,1461
30844800_1.jpg,439,465,462,842,480,850,605,677,336,501,566,677,573,739,424,509,551,679,597,696,588,702,547,697,366,532,317,500,628,462,657,805,723,706,730,687,547,633,434,523,553,489,478,711,348,494,501,648,416,454,561,490,378,537,585,400,616,395,730,687
313525679_1.jpg,1118,530,805,682,811,649,1003,826,801,648,879,1104,924,551,923,971,993,627,1098,921,1058,980,894,966,969,554,806,1013,1003,826,808,575,1092,526,990,911,1104,594,1005,629,1111,1171,1104,594,954,973,879,974,1251,1076,894,966,894,956,900,1124,801,648,990,911
3138240967_1.jpg,1999,1151,1617,751,1148,662,1605,691,1559,1364,1256,1697,1589,1715,1293,683,1396,1214,1396,1737,1324,700,1730,818,1791,1583,1615,1428,1284,743,1755,1616,1677,886,1304,855,1795,679,1243,1342,1999,1151,1079,681,1744,883,1240,810,1580,755,1321,748,1038,749,1124,839,1079,681,1268,1360
3138241291_1.jpg,1227,1532,1760,938,1718,1373,1750,1649,1778,808,1398,1357,1112,1303,1286,1594,1413,894,1317,937,1741,1401,1593,1706,1636,1412,1827,749,1510,1411,1852,902,1445,1370,1504,1232,1549,1483,1277,910,1417,1385,1673,1463,1510,1411,1229,826,1461,1454,1328,750,1636,1412,1661,811,1112,1303,1260,816
313914487_1.jpg,472,359,644,408,565,450,408,600,457,497,565,685,544,522,441,405,450,427,356,358,404,608,393,741,392,592,438,520,419,396,506,607,569,410,429,343,538,707,376,734,662,421,585,468,379,362,468,616,520,633,419,642,449,629,267,607,449,629,524,717
3139620200_1.jpg,291,587,525,567,428,476,517,586,401,495,257,354,485,637,533,547,477,318,434,558,448,263,468,315,469,343,369,503,288,690,491,257,477,318,120,542,370,562,336,567,346,580,460,314,239,386,414,567,442,538,401,495,472,653,184,637,328,605,369,610
3141909424_1.jpg,1368,975,1768,868,1411,1026,1723,1543,1457,894,1142,1372,1496,1500,1096,1247,1967,808,1782,1230,1743,1472,1723,1543,1426,994,2052,1550,1859,1427,1290,913,1655,1551,1287,1034,1996,829,1333,1625,1859,1427,1859,1427,1785,1518,1695,1442,1745,1402,1578,1483,1365,913,1855,1453,1491,1189,1775,1264
3144473012_2.jpg,1267,1304,979,820,1115,1277,1196,1279,1380,869,1440,813,1068,1317,1603,1138,1306,874,1466,819,1151,1367,1372,1518,1240,786,1246,1562,1051,787,1611,1065,1350,864,1179,1560,894,842,1145,1173,1061,1113,1319,759,1067,918,1335,865,1227,1311,1303,1253,951,1368,872,1129,1227,1163,1090,1297
3151235633_1.jpg,467,513,331,530,398,346,213,313,316,518,191,308,321,530,320,457,256,263,316,518,176,225,205,511,289,653,323,649,488,422,144,244,363,319,247,376,433,277,339,287,278,456,243,489,221,314,285,514,336,544,176,294,255,650,235,265,281,528,472,495
3152114098_1.jpg,672,574,545,468,577,482,505,421,490,771,547,493,606,660,708,488,611,622,631,662,490,771,663,623,691,777,593,659,599,726,742,707,546,414,772,465,524,474,566,473,621,679,558,440,747,444,679,788,531,436,694,491,766,455,729,462,607,824,504,441
315336719_1.jpg,501,238,403,406,147,369,456,547,283,248,335,470,479,220,471,166,300,429,406,470,430,411,381,425,255,248,377,445,305,239,363,474,169,439,322,464,501,238,374,407,300,245,449,426,310,458,370,370,218,195,211,500,300,233,291,424,226,237,233,192
3154364424_1.jpg,1014,552,785,1023,1215,614,1033,581,1006,1227,1005,583,1356,667,1356,755,1370,679,1145,897,987,562,1391,682,1511,680,1379,1095,1033,994,1072,683,1511,680,1455,692,1083,1019,1455,692,1412,685,1139,1239,1475,663,1524,693,765,851,1194,918,1022,658,1273,926,1477,948,832,1098
3155317888_1.jpg,733,613,624,902,1186,821,788,622,882,1148,661,998,803,917,1133,990,820,999,656,616,1015,665,800,680,682,592,1079,602,891,867,800,680,870,868,755,584,944,631,971,953,940,789,619,877,682,592,913,968,1056,681,780,937,1186,821,843,915,998,591,696,617
3156458544_1.jpg,1685,1434,1636,965,1213,981,1115,1071,1617,1101,1468,1471,1565,1622,1243,1312,947,1513,1530,965,1042,1628,1682,987,1267,1230,1474,1481,1505,971,1671,1468,1474,1481,1484,1697,1453,1717,895,1375,1466,1246,947,1513,1233,1743,1206,1040,990,1574,1298,1499,1463,1442,1070,1653,930,1480,1557,962
3159679449_1.jpg,668,768,762,744,580,561,823,481,726,734,570,533,684,799,729,893,714,770,884,728,731,688,632,664,670,795,743,472,731,688,539,549,489,744,762,744,830,458,553,538,615,554,679,769,608,507,905,610,787,745,497,499,592,506,769,733,785,459,813,846
3160369021_1.jpg,2124,1410,1434,1620,1238,868,1825,986,1692,1600,1624,1653,2065,1609,1768,921,1521,1607,1761,1567,1712,1281,1959,911,1651,1649,1492,1607,1363,1889,1712,1281,1607,1608,1445,1944,2043,1655,2124,1410,1292,1819,1585,1453,1385,1080,1788,847,1277,1086,1258,1781,1321,1090,1656,1562,1257,1079,1346,1014
3160584865_1.jpg,652,556,885,526,856,341,652,556,612,566,612,566,740,338,624,552,870,372,396,422,572,555,715,470,885,378,641,537,601,342,842,587,805,330,530,558,555,520,810,384,705,440,790,378,716,485,789,405,569,322,638,308,883,358,595,336,540,673,519,322
3160586857_1.jpg,573,287,493,556,591,303,531,298,572,534,471,452,381,512,580,289,527,238,381,512,511,435,498,441,465,393,408,349,359,472,543,285,632,269,491,471,626,276,355,228,501,452,403,361,429,550,427,282,481,452,409,461,410,240,543,258,438,434,342,413
3160850636_1.jpg,738,1292,1358,1313,1177,1829,1656,1673,629,1137,1245,1785,1226,1863,1431,1308,1567,1176,782,1310,1231,1475,1021,1827,1254,1515,983,1923,1408,1313,781,2063,879,1312,743,2028,1478,1094,629,1137,903,1308,982,1857,781,2063,951,1903,829,1165,1644,1723,1276,1552,923,1270,1260,2178,1458,1251
3160852076_1.jpg,1082,740,1112,1235,1058,951,991,965,741,680,1014,964,1059,1108,1200,688,1210,662,946,959,1103,730,829,1218,1063,1261,950,1076,741,680,934,1072,923,1046,807,1201,1064,873,1072,658,866,690,892,765,867,653,807,1201,1272,978,666,931,807,1201,891,1048,717,1093,1115,727
3161007246_1.jpg,1057,1244,984,791,757,1111,1132,1207,1092,1204,1018,1184,1271,752,1223,831,766,1143,1092,1204,1437,1099,1355,1279,1220,1167,1004,1164,1325,803,766,1143,1154,1259,1079,1060,1132,1207,1230,1145,1062,1163,1082,1165,992,834,1396,727,744,1046,1347,819,963,835,1159,1137,1347,819,1256,806
3161408082_1.jpg,334,1027,440,1143,401,1153,521,869,264,1217,557,884,529,848,307,742,656,827,265,793,295,1266,351,1122,401,1153,486,1311,498,803,357,767,545,880,292,816,333,719,733,1089,334,1027,699,1164,446,1158,326,965,699,1164,535,1293,209,1081,750,1036,348,730,369,1103
3163645286_1.jpg,757,962,783,987,740,961,913,1024,678,620,829,1037,955,656,708,703,750,703,940,969,776,823,799,991,886,997,657,686,895,975,816,995,767,1020,758,596,767,1020,955,656,719,1153,947,982,675,667,1022,697,757,962,861,974,473,917,769,863,1056,710,823,629
3166166183_1.jpg,1448,1096,1442,861,1510,1511,2048,1566,1796,877,1438,1176,1590,1522,1478,1423,1072,1067,1960,743,1307,698,1757,1085,1989,897,1343,790,1855,837,1343,790,1448,1096,1806,1442,1731,1359,2106,724,2216,1246,2183,1344,1212,668,1702,1439,1883,1701,1418,863,1590,1522,1142,1468,1374,1359,2082,1526
3166167569_1.jpg,1810,1625,1620,1469,1485,616,915,1191,1311,1661,1447,677,1593,1299,1789,727,1658,1339,1259,826,1774,1282,1910,770,1310,755,1848,704,1447,677,1967,621,1518,1428,1828,789,1483,1370,1903,1452,1656,1473,900,1140,1771,741,1840,1389,1658,1339,1789,1362,1784,785,1432,815,1265,1636,1544,1016
3166944042_1.jpg,568,859,780,806,789,521,538,573,812,559,699,829,725,675,592,898,546,524,857,524,644,789,600,586,893,510,559,525,775,812,579,503,613,579,812,520,858,950,1015,813,775,812,709,859,613,841,591,690,829,489,773,836,834,563,591,508,540,496,663,812
3166977555_1.jpg,943,1427,1725,1855,1996,1333,1374,1982,319,1792,1690,2282,1454,2465,369,2038,1127,1377,1214,2412,831,1326,1160,2383,585,2481,643,2539,1186,2203,1067,2270,1374,1982,1400,2327,808,1166,861,1419,1584,1982,1180,1916,822,1408,1967,1307,773,2641,1389,2461,831,1326,1156,2295,1149,2832,349,1956
3166996956_1.jpg,1359,1550,1257,894,1721,836,1173,964,1663,985,1232,800,1560,1603,1467,1610,1351,830,1772,916,1080,1771,1793,755,1298,1546,1241,1524,1278,1628,1589,1519,2080,1187,1298,915,913,1192,1453,1559,1529,1607,2034,1411,1309,1234,1669,774,1851,1757,1315,1508,1485,1559,1187,891,1403,1605,1278,903
3166997470_1.jpg,1219,1194,1389,676,1423,1249,836,831,858,1095,984,898,1371,1009,1141,1406,1333,961,984,898,1260,1241,1369,744,1412,786,1696,1076,1134,1031,1051,843,1428,631,1140,1003,1359,684,1423,1249,1328,804,1269,1096,1273,1290,1381,797,875,1129,1679,1184,974,792,1302,790,1352,749,1436,751
31681454_1.jpg,364,366,426,471,479,269,403,472,377,387,306,404,379,233,397,392,427,349,390,391,417,349,348,372,415,472,490,285,434,374,395,378,508,243,465,251,456,251,395,238,484,270,449,464,402,380,292,337,473,269,378,314,427,349,294,360,442,378,388,263
3168247070_1.jpg,631,336,671,380,556,505,495,570,484,679,442,549,463,375,462,562,524,559,473,565,399,360,589,566,497,597,756,476,695,602,320,518,462,462,647,335,583,558,578,568,544,683,592,480,450,381,662,384,710,343,459,580,653,386,647,335,312,484,695,602
3173028919_2.jpg,558,598,622,654,570,649,763,684,667,634,673,658,725,428,652,480,447,468,644,650,772,669,667,634,475,439,655,648,545,658,507,437,699,644,550,449,634,441,633,605,465,730,690,412,677,572,666,646,800,521,668,481,633,605,725,428,558,598,662,468
3173901928_1.jpg,1439,830,1449,871,1496,880,1593,1108,1593,1108,1138,1162,991,1429,928,1355,1319,1283,1139,1112,1377,925,1445,960,1068,924,1212,1191,943,863,1376,879,947,1381,1040,927,1508,850,1126,1520,1329,1091,1131,1138,1139,1112,1067,833,1387,966,1035,966,1338,1282,1256,1538,1208,1320,1295,1364
3175828165_1.jpg,2299,1207,2109,1736,2735,1776,1768,1310,2210,1917,1790,2253,2188,1455,2276,1000,1733,2215,2031,2368,1646,1069,2165,1185,2075,1014,2263,1852,1773,1150,2263,1852,2709,1902,1646,1069,1699,1073,2188,1036,1662,1348,2396,1949,1540,1077,2288,909,2742,1513,1399,1134,1412,1865,2009,2045,2709,1902,1743,1322
3176867704_1.jpg,340,428,245,429,458,464,268,436,218,286,209,245,240,285,343,252,211,468,472,440,380,233,232,414,241,410,366,232,234,504,320,435,237,272,405,242,181,372,373,294,189,415,205,228,382,280,344,432,278,383,390,512,308,537,366,294,402,506,226,269
3179042789_1.jpg,1215,1169,1194,905,997,946,1673,1405,1066,1028,1147,1032,1448,879,1044,1011,1044,1011,943,1365,1099,1566,1163,1029,1499,1021,1548,1011,996,901,1461,923,1740,1121,1394,1356,1589,1524,1444,1633,1066,1028,1167,1406,1394,1383,1237,1387,1173,1389,909,1261,1253,1360,977,1429,1226,1269,1139,889
3179878396_1.jpg,1154,954,1287,1595,988,969,927,1456,1264,1243,1137,1016,1459,1537,1188,959,1677,1639,1786,1456,1355,1817,1516,1506,994,929,1728,1570,1213,1543,1677,1639,1054,899,1510,1479,1246,1273,1302,1371,1022,911,1618,1017,1372,1509,1728,1570,1222,966,1191,904,1169,1078,1467,958,1150,1079,1053,956
3180195675_1.jpg,1621,1318,1341,903,1142,1456,1320,1029,1193,1520,1246,961,772,1549,924,1080,739,1474,1478,1653,1320,1029,1587,1480,827,1070,1352,1060,1625,1276,860,1117,837,1002,1352,1060,1572,1519,1435,949,1145,1530,1134,1364,734,973,706,1030,1249,1486,1032,1382,1232,1463,714,1395,1100,1373,934,1287
3181052163_1.jpg,490,470,490,246,551,542,466,277,567,284,421,279,472,375,430,526,648,425,539,449,359,423,428,245,596,279,580,297,578,279,557,292,443,270,615,239,443,432,363,437,451,426,523,472,487,447,553,348,625,243,544,434,479,445,431,273,607,284,637,263
318440234_1.jpg,266,332,276,314,258,312,382,298,378,338,286,466,393,331,449,321,260,331,384,312,309,470,291,332,221,280,319,431,293,467,303,286,258,312,275,480,332,474,255,329,416,334,374,301,366,484,276,314,339,462,316,471,298,479,358,464,420,296,372,406
3186478027_1.jpg,558,171,806,448,761,61,732,392,735,360,756,485,699,344,686,84,565,119,658,228,701,325,762,45,544,101,698,364,760,348,690,363,752,235,776,314,752,235,673,280,760,106,704,83,608,150,550,404,695,87,730,43,539,130,686,84,783,348,478,289
3187466455_1.jpg,243,255,351,320,328,244,340,225,243,255,351,375,311,463,306,377,341,208,293,389,341,295,359,386,214,240,353,449,278,327,274,394,178,238,285,300,335,195,137,354,359,386,333,384,315,406,359,357,347,303,279,318,290,400,355,202,164,256,322,462
3187824420_1.jpg,326,1166,1181,1489,710,1685,1066,854,575,1303,546,871,878,1115,831,1425,1087,1575,676,741,1172,883,1068,975,637,905,1203,901,619,1138,421,1502,804,1423,460,724,954,991,643,1200,638,1344,972,1639,639,1306,643,1200,708,1235,930,1654,777,1419,579,833,672,1466,338,1298
3187824420_2.jpg,1392,1125,1008,991,1769,1348,1093,1068,1365,1508,1782,1273,1260,1580,1258,1468,1285,1390,1145,1268,1226,1395,1444,1154,1292,1528,1207,1461,1038,1566,1185,1026,1059,959,1356,1055,1422,1109,1251,1528,1129,1292,1354,1015,1097,1494,1437,1105,1011,1498,1284,1471,1472,1106,1354,1015,1331,1037,1575,1018
3187824420_3.jpg,1232,1404,1511,1069,1273,1415,1372,1330,1424,965,1376,847,1338,888,1456,867,1360,856,1395,1483,1270,1295,1225,1212,1295,1416,1030,871,1300,1321,1206,1197,1142,904,1465,1334,1404,876,1404,876,1276,1362,1266,1322,1071,1508,877,1223,1378,1185,1356,1284,1173,1568,1380,1309,1109,856,1147,1556
3191256033_1.jpg,417,454,465,224,392,365,392,365,548,360,445,347,449,187,449,225,351,424,303,212,441,290,373,347,365,287,403,384,343,187,317,204,416,351,327,396,431,272,548,360,439,378,370,439,363,297,326,187,559,299,465,224,557,324,460,342,320,386,555,337
3193158927_1.jpg,990,1801,1402,1158,1261,1596,1114,1525,1164,1884,830,1423,1246,1024,1019,1829,1411,1101,1552,1694,1062,1116,1100,1660,1050,1635,1186,1665,1332,978,1209,1437,1246,1024,1015,1076,1020,1565,1057,1524,1539,1059,1402,1158,938,1085,1050,1635,1346,1154,1023,1553,1024,964,953,1077,1230,1535,1053,1127
3193845284_1.jpg,471,347,499,328,461,370,432,232,287,378,522,252,425,393,449,382,496,336,487,257,400,384,526,359,407,264,480,392,363,216,412,255,318,427,460,397,406,397,376,228,499,328,444,478,366,257,471,347,487,257,426,325,497,222,387,227,428,316,522,252
3195123827_1.jpg,452,440,653,396,637,426,533,592,480,594,658,382,401,618,569,715,573,486,464,441,487,380,484,704,511,714,703,491,553,547,573,486,394,604,426,656,596,704,653,396,486,611,568,631,596,704,663,398,610,393,594,592,642,393,565,544,609,696,446,438
3197527888_1.jpg,644,719,388,601,369,608,378,945,208,793,311,603,358,543,570,522,317,608,537,562,574,794,401,587,574,794,534,861,507,743,570,834,547,856,514,829,555,561,647,696,447,681,391,506,359,611,546,536,546,561,411,509,261,574,600,875,444,822,436,966
3198058669_1.jpg,2061,893,1551,1532,1439,976,2114,978,1560,2034,1423,878,1463,1044,1418,972,1806,1588,1895,1062,1481,991,1277,829,2061,893,1871,1073,1527,1726,1423,878,1787,1410,1524,1035,1464,1622,2057,1122,1612,1738,2401,1521,1471,1396,1568,1735,1255,854,2066,964,1508,1045,1508,1045,1464,1622,1558,1430
3198136331_1.jpg,1381,1912,1674,1580,1542,1873,1494,1766,1432,1645,1773,1426,1249,1289,1284,1213,1452,2285,1649,1878,1402,1361,1513,1919,1402,1361,2186,1873,1555,1977,1186,1644,2171,1921,1412,1418,1963,1238,1670,1973,1431,1416,1627,2341,1613,1979,1736,2014,1670,1973,1327,2133,2045,2135,1332,1271,1458,1749,1837,1433
3201388986_1.jpg,725,709,527,338,503,324,798,337,852,474,589,560,583,344,713,397,538,393,589,560,564,713,612,596,506,668,557,371,777,347,562,578,558,316,623,598,591,614,541,338,695,350,721,399,717,593,521,383,565,372,676,576,705,396,572,374,829,583,527,378
3201451573_1.jpg,1078,1908,893,1048,1007,1168,1049,1463,1468,1030,1432,1151,1287,1580,796,1597,861,1052,938,1807,1073,1614,991,1054,1427,1208,1517,1089,1587,1103,1022,1062,1303,1645,1296,1105,965,1217,1431,1031,892,1202,1296,1105,1070,1096,969,1162,1406,1208,1313,1697,908,1776,1169,1656,1319,1583,1283,1708
3202279106_1.jpg,1170,1232,1336,2108,1084,1412,1563,1972,832,1978,1606,2320,1329,2026,1093,1386,1026,1235,1528,2056,1829,1430,1767,1560,926,2102,1703,1373,1741,1368,1298,2089,1269,1411,1867,1435,1262,1461,1219,1241,1136,2279,1262,1461,945,1281,1154,1448,1914,2002,1635,1845,1703,1373,758,1732,1117,1290,1804,2164
3203248403_1.jpg,389,423,509,223,399,416,562,417,495,266,551,247,445,525,490,269,364,275,427,432,354,503,464,419,454,452,368,415,427,432,480,277,472,518,374,255,408,239,501,264,308,453,474,239,347,268,382,420,395,406,522,241,353,230,403,368,395,406,362,255
3203334240_1.jpg,1421,806,1319,862,1151,1495,1301,1444,1239,1291,1276,864,1242,900,857,801,852,831,1098,1317,1028,1466,1081,1130,1182,1230,789,1053,1249,1208,992,818,1327,1424,1000,1449,898,778,1132,1270,987,1227,1212,1122,1274,1461,1035,893,1511,1052,992,818,1000,906,1049,1030,1316,807,1088,1488
3207706370_2.jpg,577,535,740,475,553,448,565,457,628,645,511,462,751,440,499,415,553,448,528,765,441,683,666,635,559,675,577,535,553,638,473,723,565,457,748,419,669,673,530,444,676,759,414,620,419,636,659,681,687,481,659,681,709,485,600,627,614,628,546,446
3209573417_2.jpg,1312,1405,1397,1033,1271,1408,1451,985,1151,1429,1154,933,1687,1271,1216,1457,1396,1401,1319,1381,1046,1532,1278,1383,1447,1034,1168,1357,1174,1400,1298,1382,980,1449,1527,1540,1578,1491,1159,1382,1192,1355,1704,1167,993,893,1241,1460,891,1182,1192,1452,1044,890,1553,1516,980,1449,1473,926
3210193974_1.jpg,516,447,397,740,603,604,387,621,280,443,480,434,342,453,379,543,502,608,403,638,413,744,472,388,483,542,334,453,494,642,478,530,492,738,502,608,450,400,416,661,268,446,349,454,412,639,308,474,487,431,471,564,329,477,433,577,262,606,613,538
3211099008_1.jpg,1370,1371,1308,1504,1343,1401,1180,1706,1689,1415,1714,1339,1567,841,905,895,1142,863,1294,1403,1281,1368,1145,1424,947,1496,1607,899,1270,1404,1043,1007,1166,1128,1399,1423,1689,1415,1617,878,1392,996,1161,1372,1189,1437,1246,1404,1145,1424,1083,893,1105,1406,883,1347,1413,1453,1652,1487
3211768569_1.jpg,825,468,585,518,852,446,777,741,470,640,787,503,536,783,632,516,716,868,786,730,777,473,784,706,655,729,756,697,680,734,727,712,509,463,693,735,665,651,560,510,805,499,654,862,772,450,649,646,680,734,829,821,485,697,479,678,511,751,751,649
3212378179_1.jpg,658,613,571,490,731,245,590,478,721,245,575,306,509,309,670,298,645,527,663,498,626,617,751,239,637,482,693,383,674,292,772,371,625,500,728,552,755,490,664,254,615,498,528,296,711,300,717,298,439,488,705,468,467,532,698,396,416,423,772,353
3213087169_2.jpg,380,581,389,394,507,380,365,378,405,390,423,402,618,444,515,386,572,344,346,374,509,386,335,516,511,509,520,517,501,510,491,512,504,431,401,408,530,508,504,431,472,515,544,382,436,617,501,510,384,408,435,532,482,487,521,385,589,559,574,337
3213105453_1.jpg,2049,1093,1455,865,2049,1093,1942,904,2164,287,2344,404,1578,379,2530,1332,2205,390,1810,481,1455,865,2109,1255,2666,757,1614,291,2282,1553,2391,219,2048,293,2246,262,1849,1513,1815,355,2124,301,2116,1083,2146,696,1790,521,1631,527,1923,1061,1912,1150,1470,923,2255,461,1611,1254
3213107975_2.jpg,606,703,566,659,531,777,632,640,573,677,641,470,516,489,498,424,788,703,619,700,628,411,459,446,703,474,641,670,492,741,538,541,673,790,619,437,706,775,585,677,426,457,521,671,667,675,619,700,623,655,564,700,696,424,711,464,637,800,788,703
3213143311_1.jpg,1790,1372,1864,1312,1444,1177,1925,1025,1481,1171,1374,1124,1669,1857,1743,1679,1525,996,1777,1340,1798,1603,1728,1754,1357,1133,1691,1824,1817,1058,1828,1106,1430,1111,1746,1142,1395,1897,1474,1606,1262,1074,1776,1597,1499,1167,1293,1016,1534,1059,1785,1437,1667,1564,1595,1644,1681,1644,1198,1763
3213153149_1.jpg,1260,1782,1451,1501,1762,1306,1500,1620,1343,1832,1614,1510,1260,1782,1935,842,1970,819,1148,1688,1500,1620,1430,1872,1871,838,1260,1782,1408,832,1878,932,1733,1332,1743,955,1935,842,1717,1546,1621,1363,1857,989,1855,781,1703,838,1413,1558,1454,899,1733,1332,1408,832,1441,1542,2000,1447
3213155161_2.jpg,333,547,464,486,435,589,407,585,401,342,507,504,515,347,578,322,492,517,541,521,394,320,363,346,510,439,490,448,413,493,509,329,375,342,413,506,441,518,405,490,439,485,406,486,451,521,444,500,489,486,549,348,439,485,563,475,512,496,361,353
3213167447_1.jpg,851,785,987,1112,986,724,1021,1133,1038,965,1054,1127,945,1114,1149,808,1090,1110,859,859,1182,710,1103,1160,1044,1011,1108,1115,904,1146,1090,1110,1027,1027,903,1316,1311,1221,1354,1143,1087,1123,1149,808,758,1026,758,1026,970,1215,848,834,839,865,839,865,865,1013,1032,1162
3213211241_1.jpg,1462,1509,1212,1456,1624,1131,1218,1436,1268,953,1648,1035,873,1391,1353,1559,1622,1561,1747,1297,1407,1464,1624,1131,1366,1502,1760,1010,1277,1469,1191,1052,1653,1082,848,1170,1343,1495,1521,1533,1622,1561,1705,1129,1307,1068,1279,1022,1253,1496,1166,1016,1691,1135,1518,1444,863,1354,1195,1433
3213214947_2.jpg,990,744,957,607,847,765,518,703,850,827,565,869,957,849,659,959,958,599,852,807,995,559,739,816,702,577,776,525,878,843,896,846,818,1003,747,825,748,591,997,548,663,543,867,808,712,577,714,991,744,861,902,590,952,592,797,1006,852,807,995,559
3213215243_1.jpg,334,766,385,1016,349,1127,509,726,295,769,307,700,586,719,618,612,513,619,323,700,583,641,763,878,232,702,338,699,403,992,232,702,325,672,296,744,250,715,449,1034,417,1199,349,1127,552,988,503,1018,576,606,503,1018,519,728,511,898,236,715,766,850
3213221051_1.jpg,446,578,394,518,292,810,636,761,349,761,380,1002,402,999,412,513,362,828,427,583,201,600,325,881,256,830,298,985,452,509,204,521,354,809,214,550,307,808,262,728,255,587,452,509,485,603,367,758,205,606,176,777,435,842,265,956,255,555,237,613
3213221949_1.jpg,512,624,418,406,405,461,591,418,477,596,350,634,601,400,400,696,587,398,619,423,325,560,338,425,529,403,328,575,602,451,368,453,697,575,643,670,537,609,450,623,332,590,422,615,415,603,371,457,450,623,596,448,512,624,334,419,542,727,643,670
3213224447_1.jpg,1361,794,920,859,1034,944,1149,1151,1108,940,1398,1499,1108,1293,1394,830,1012,916,1452,785,1159,1314,1566,1125,1429,783,1438,924,1082,899,1040,841,1547,1229,1425,929,1132,1270,1440,825,1121,916,839,1183,1306,1372,1554,1194,1400,883,1339,802,1163,1071,1142,1344,1421,1474,1441,893
3213229323_1.jpg,314,262,424,262,365,367,355,333,434,262,408,220,335,386,330,368,312,441,329,260,486,347,445,423,325,216,377,457,408,220,452,415,418,376,470,229,307,229,366,357,396,378,445,423,329,380,424,262,436,229,384,397,329,380,348,378,476,378,403,234
3213231361_1.jpg,1541,1086,2095,2320,1709,1191,1779,1246,2324,926,2469,1183,2524,1166,2034,2302,2448,984,2524,1166,2341,1883,2373,914,1886,1230,2738,2034,2261,1785,1911,1864,1751,1244,1874,1063,1780,1157,1975,1463,2120,1795,2276,1396,2435,1842,2269,1900,1520,1681,2468,1093,1684,980,1520,1681,2341,1883,2400,1934
3213264433_1.jpg,809,810,843,801,1110,1060,1107,777,1237,1194,1291,1096,1104,738,752,742,1130,1065,1312,1012,1180,1254,1142,1058,1116,737,1141,1076,1317,955,1119,1075,879,755,1061,1103,740,789,879,823,799,816,1007,1154,1046,780,1151,756,959,1002,1085,935,876,808,729,1077,1141,1076,979,1113
3213270807_1.jpg,643,697,676,402,627,445,503,405,642,444,480,460,631,585,669,679,503,405,600,630,600,504,466,461,411,418,522,500,736,578,530,629,446,458,390,565,511,521,725,606,656,428,595,609,739,563,479,400,586,397,549,555,410,432,503,451,552,635,478,686
3213270807_2.jpg,701,409,536,717,551,600,668,447,664,464,660,682,651,619,547,630,536,717,651,455,571,589,691,409,521,711,614,564,612,716,541,454,724,583,677,466,703,457,653,542,453,413,694,426,636,635,638,616,457,670,579,603,527,455,615,644,630,619,720,413
3213270807_4.jpg,504,428,504,428,535,620,424,530,567,596,621,488,386,364,376,366,407,383,503,557,445,549,384,401,385,346,487,523,504,428,625,447,523,625,395,384,558,340,348,364,435,466,469,513,409,605,454,526,511,474,462,525,533,326,407,363,357,373,553,366
3213274513_1.jpg,1916,1531,1760,975,1802,1641,1105,882,1636,2057,1069,969,1085,1146,1566,1451,1130,964,1648,1682,2268,1534,1531,1601,1051,1150,1880,1694,1802,1641,2000,751,1775,2046,1508,1457,822,970,1824,1530,1403,1662,1566,1451,1155,1938,1485,1620,1622,1444,1698,934,983,901,1748,798,1898,758,1105,882
3213507763_1.jpg,1092,1562,1380,1123,1481,1000,939,1777,939,1777,1787,1283,1290,1727,616,1134,670,1049,1481,1000,1061,1702,742,1655,1169,1694,1260,1778,1204,1724,697,1047,1190,1180,1131,1548,713,1551,614,1103,935,2032,751,1251,1761,1615,1312,1105,1327,2118,1128,1403,847,1233,1097,1697,1212,939,1190,1180
3213802370_1.jpg,837,959,836,1173,886,1002,703,641,777,637,1021,1020,858,854,996,960,871,998,950,1050,798,637,765,704,809,717,713,648,910,978,842,644,1021,1020,626,924,1112,735,894,976,616,847,863,708,1101,737,940,905,775,709,1078,632,1011,1000,1061,703,778,604,977,958
3213825562_1.jpg,459,912,125,1015,432,1229,212,1089,472,1449,552,998,255,1299,260,1210,544,902,600,913,255,1299,247,1271,184,993,481,1412,373,1425,325,1660,352,1393,201,1091,745,1450,479,852,164,1077,219,958,544,902,438,1475,233,989,447,997,611,894,152,1000,280,1420,479,852
3213949024_1.jpg,1630,1485,2071,1240,1630,1485,1841,1814,2003,1245,2166,1101,2166,1101,1314,1888,1747,1816,1613,1737,1728,2163,2026,1246,1466,1110,1548,1768,1348,1074,2054,1089,1760,1763,1414,2005,2113,1201,1930,1795,1178,1504,1242,1753,1606,1766,1209,1655,1854,1758,1884,1883,1747,1816,1980,1770,1791,1762,1928,2138
3213978420_1.jpg,982,944,1018,1306,905,801,1229,1348,1031,1169,1283,900,1308,840,1216,1099,836,863,968,1508,1113,1186,1236,1265,1140,1183,1314,901,1424,843,1228,924,1364,846,1224,1127,945,901,897,925,1009,1263,1216,1099,1009,1263,1229,1348,1255,1548,1268,902,1063,1285,1168,1285,808,1245,1187,1255
3214010220_1.jpg,636,735,504,527,459,493,508,475,704,690,633,456,702,660,706,413,709,667,524,523,681,673,640,633,454,523,672,696,443,529,580,814,644,497,628,826,645,671,436,526,461,717,650,478,535,539,691,817,655,683,531,523,651,496,761,747,514,498,589,703
3214010220_3.jpg,512,641,385,530,385,578,576,410,706,488,535,552,678,447,420,665,747,571,610,628,684,472,629,547,677,471,536,430,485,374,523,647,546,440,411,652,385,578,607,649,704,494,385,530,723,459,481,390,463,385,549,446,689,431,560,392,618,722,742,470
3214021244_1.jpg,1839,1119,1431,1946,1169,1764,1966,1688,1573,1667,1596,1590,1423,1609,1404,1082,1385,1933,1827,1057,2042,1080,1341,1916,1632,1593,1685,1656,1219,996,1677,1632,2074,1480,2113,1343,1728,1429,1395,1605,1447,1123,1903,1760,1753,1062,1385,1624,1635,1726,1724,1671,1523,1584,1760,1170,2102,1391,1475,1299
3214022978_1.jpg,1012,901,839,940,841,803,777,743,1088,778,1048,781,765,813,867,970,1326,997,1062,748,740,1039,912,978,1101,748,979,1104,917,1070,1326,997,1112,771,1012,901,967,693,752,1063,861,881,998,717,953,712,887,1065,894,1031,1056,1244,813,1150,1087,665,967,693,1046,704
3214066418_2.jpg,741,911,791,792,879,512,611,565,809,563,801,667,809,878,765,754,809,489,707,806,688,637,550,831,769,697,605,545,828,509,580,857,692,690,834,565,601,509,543,517,822,487,730,756,904,713,801,667,736,738,849,561,669,767,638,757,817,564,648,542
3214097106_1.jpg,902,829,815,783,593,496,674,564,829,784,686,938,825,499,675,576,612,575,676,525,534,808,854,580,860,520,818,578,715,718,766,943,735,765,749,839,796,765,829,784,817,527,609,493,775,804,749,839,878,572,612,575,802,658,631,912,615,556,676,525
3214097106_2.jpg,693,691,651,672,561,467,767,467,668,606,515,512,583,672,722,491,692,436,543,698,680,510,531,490,828,645,558,675,740,460,485,733,531,490,785,744,785,744,680,510,774,758,508,510,543,698,748,783,508,510,464,463,565,687,608,688,471,453,613,709
3214115970_1.jpg,560,391,493,517,665,384,594,376,625,389,473,455,614,584,507,602,572,602,561,705,571,384,467,401,618,415,385,578,457,419,527,591,606,374,487,410,591,422,632,429,479,404,481,418,544,606,725,516,499,594,584,583,439,444,602,580,577,401,460,670
3214115970_3.jpg,407,341,354,551,493,621,396,340,511,362,392,589,541,332,382,581,454,530,565,321,505,375,471,531,563,586,432,526,511,362,371,387,561,333,398,358,563,586,415,604,473,504,521,508,531,610,431,470,540,372,427,610,499,374,503,526,473,504,424,530
3214120096_1.jpg,706,414,545,435,650,449,642,538,618,590,575,607,580,589,392,584,679,433,705,583,549,383,570,397,515,420,722,527,599,590,715,556,609,590,697,412,507,585,719,541,526,440,559,497,558,537,405,610,507,585,595,548,655,399,522,378,539,597,571,629
3214120096_4.jpg,580,601,408,617,548,599,590,579,466,592,734,484,559,581,579,570,419,423,474,614,465,549,466,601,407,448,734,530,568,579,545,501,735,499,731,452,580,601,419,423,475,603,713,603,628,372,408,617,557,595,434,458,397,454,466,607,452,509,540,425
3214120096_5.jpg,405,391,561,319,341,362,471,531,364,359,394,588,468,551,526,337,531,513,498,512,506,343,515,375,511,524,545,373,506,511,464,476,516,340,525,517,338,512,471,531,527,358,325,474,509,375,555,362,488,341,505,621,623,441,506,343,440,526,345,366
3215987812_1.jpg,1339,1274,1298,1270,1271,1304,1416,897,1374,926,1308,1246,1287,1156,1094,1330,1053,833,795,1198,1056,1297,1330,925,1263,1538,1462,797,1529,1047,1345,926,1084,1258,1271,1304,1236,1366,1160,1363,1529,1047,1079,925,1056,1297,1131,1305,1081,838,1209,1243,873,844,1292,838,1008,885,1392,1435
3217491791_1.jpg,1638,1209,1722,781,1638,1209,1697,939,1568,1286,1675,938,1632,934,1344,1225,1496,1303,1638,1209,1344,956,2097,1126,1118,809,1350,1723,1800,783,1384,1755,1311,909,1838,791,1327,917,1356,1262,2080,1324,1483,1410,1885,772,1583,1405,1327,961,1974,1593,1885,772,1740,936,1622,1442,1399,1529
3217492469_1.jpg,1997,986,1317,785,1475,896,2043,1376,1993,1004,1543,1485,1762,1740,1487,1526,1814,1216,2043,1376,1527,1252,1519,964,1419,1456,1456,964,1896,1616,1708,1418,1414,1780,1513,1545,1564,1150,1417,812,1732,1496,1146,1494,1462,1505,1804,1474,1187,1574,1565,843,1741,1423,2091,908,1977,878,1495,1468
3217614198_1.jpg,525,516,864,452,704,219,689,684,597,571,873,325,637,525,394,237,581,535,659,539,765,180,643,496,597,187,680,254,680,254,570,515,711,673,529,437,610,151,457,519,430,634,430,634,404,233,609,491,619,247,630,145,659,539,820,569,378,251,662,517
3218864820_1.jpg,1529,541,1171,392,1089,1506,1635,465,1410,944,994,378,1001,303,1683,475,1800,1293,1505,765,1387,1274,1083,376,1243,1566,1171,1197,1582,1164,1637,293,1539,1158,1852,1193,1175,1137,1722,527,1157,498,1230,924,1089,476,1578,549,1810,390,1363,947,1151,553,1215,396,1482,722,1556,305
3218988613_1.jpg,705,507,521,449,492,483,554,784,651,693,565,642,562,547,499,745,689,506,550,691,640,790,567,657,458,446,779,695,540,683,539,478,733,442,499,745,685,486,685,486,611,660,476,431,728,503,821,570,428,578,427,561,651,693,593,644,622,660,562,673
3218989431_1.jpg,1083,908,2397,1869,999,2182,1732,2719,1328,2126,1746,1162,1974,1047,1710,895,2066,761,2066,761,1112,1806,1711,1051,877,1069,1839,1167,913,1199,1285,2332,387,1881,2271,2220,779,1208,1796,1022,2346,2049,1710,895,2312,2136,513,963,1552,1466,1991,746,1597,1536,1423,2337,824,1209,2167,2374
3218990939_1.jpg,420,888,376,841,493,997,681,729,395,861,519,632,252,866,465,853,230,777,473,1004,512,988,330,613,271,616,475,606,537,628,512,988,449,571,467,569,234,800,684,706,361,892,341,773,651,860,455,856,314,719,388,841,307,840,437,726,320,821,528,630
3218991897_1.jpg,667,415,620,574,663,405,598,535,425,650,538,581,624,670,405,404,568,566,344,526,455,424,400,631,603,576,550,616,620,574,630,424,662,420,449,429,696,489,631,495,651,401,662,420,498,435,454,373,645,382,560,532,533,393,545,594,654,380,631,405
3219692565_1.jpg,291,490,395,457,399,436,308,347,339,459,339,459,282,340,339,459,374,459,367,449,416,399,245,326,321,335,306,316,399,410,436,309,332,516,420,465,470,488,458,278,462,497,392,304,313,302,400,368,390,413,266,465,286,337,437,323,321,335,250,328
3219821966_1.jpg,1105,1128,697,783,949,1035,1166,919,1168,892,721,778,660,1167,962,1053,956,1077,1090,1150,910,1091,882,1064,970,1070,1041,760,671,742,899,1062,974,677,798,1085,962,1053,720,1220,974,677,971,1258,936,783,952,913,649,713,770,1074,744,780,770,1074,733,704,937,969
3219850974_1.jpg,987,956,717,619,1019,689,909,1035,865,1166,995,978,956,939,850,610,1030,688,597,925,1079,575,811,641,932,965,911,1170,934,1167,991,933,922,886,1058,606,1065,670,979,1030,1018,990,1040,687,1006,969,982,984,994,1021,590,900,829,709,861,1014,850,610,1063,1023
3220050079_1.jpg,566,606,689,622,438,436,552,625,584,462,399,599,609,400,568,599,555,601,599,419,457,596,659,656,446,603,591,463,435,454,536,712,552,625,432,395,532,613,413,394,538,554,609,400,468,450,443,675,444,436,383,511,492,600,463,511,464,695,410,414
3220050079_2.jpg,403,472,299,455,384,461,389,480,379,346,365,331,295,444,381,333,396,485,506,338,377,462,390,316,370,331,396,470,469,410,424,476,369,347,462,309,396,470,353,344,392,408,290,421,349,342,457,384,391,461,401,422,472,339,466,419,333,317,485,535
3220402975_1.jpg,492,223,290,537,177,370,177,370,310,226,386,475,338,190,378,447,472,545,201,194,329,180,290,537,259,514,356,472,447,335,328,316,508,526,307,244,489,251,310,226,317,231,297,245,482,224,380,378,268,245,388,418,426,444,264,218,538,243,380,378
3222261569_1.jpg,1348,946,1586,1442,1741,1736,1666,962,1694,1404,1714,1441,1212,808,1314,808,1847,781,1796,938,1942,1452,1704,1757,1483,1548,1317,868,1545,1560,1542,1308,1375,1738,1151,832,1796,938,1502,1487,1676,1221,1510,1447,1408,1465,1226,959,1282,864,1404,1199,1833,1646,1429,1518,1249,864,1294,933
3222262589_1.jpg,2030,1104,1288,1073,2018,1427,1718,1009,1392,1541,1469,1522,1206,909,1206,909,1155,1092,1473,1617,1558,1843,1455,1489,1104,914,1572,1620,1021,1005,1605,1843,1021,1005,1351,1251,1234,1091,2018,1427,1112,974,1418,1526,1512,1837,1069,1443,1775,1792,1509,880,2006,1471,1188,1031,1492,1557,1682,816
3223115234_1.jpg,1167,1268,1181,1322,1395,1102,1106,932,1440,967,1388,1324,1223,1568,1280,1307,1177,903,1584,1309,1248,1272,1140,1270,1481,878,1527,833,1071,893,1276,1275,1412,957,1304,1277,1071,893,1064,912,1179,1155,1628,898,1304,1277,1304,1277,1409,1157,1527,833,1656,1108,1062,781,860,1125,1357,1283
3223164362_10.jpg,1108,1076,1346,904,1184,1290,1448,1388,1307,1340,1227,1255,1110,1342,1223,1283,1246,913,1246,1045,1017,861,1144,1325,936,1000,1225,811,1384,779,1284,827,950,1002,899,928,1174,1193,1051,899,1518,1026,939,867,972,958,915,1392,1360,772,1343,1511,1264,1067,1518,1128,1280,924,1294,922
3226773050_1.jpg,506,325,476,305,500,324,514,341,475,290,520,291,362,319,405,450,384,541,294,488,425,442,425,442,336,278,374,456,520,339,568,427,264,406,453,465,520,339,338,441,494,341,361,303,371,270,331,524,520,339,355,318,526,490,351,448,464,304,360,386
3227182502_1.jpg,521,506,476,619,421,340,503,616,535,370,417,375,522,523,456,510,438,539,386,384,507,360,578,326,547,367,453,525,422,518,425,430,522,523,366,329,530,507,467,546,495,320,525,501,476,619,430,520,445,524,540,601,502,364,525,501,575,333,488,544
3227200268_1.jpg,1583,939,1260,1085,983,885,1084,768,1385,794,1220,1196,1308,1055,1089,1023,1542,1214,1350,1229,842,810,855,819,1235,754,967,885,1042,787,1113,972,931,871,1111,1205,997,837,1347,695,1110,1263,1332,1248,952,883,1232,1094,1011,741,1070,786,885,1284,1091,1209,1263,1190,905,800
3227203804_1.jpg,520,589,602,554,620,567,437,441,609,373,555,592,423,407,687,483,619,370,637,403,521,489,546,563,450,425,583,414,601,397,620,567,622,351,598,477,582,383,584,570,419,389,641,349,557,574,507,388,557,561,504,592,444,442,582,383,687,468,615,594
3227323913_1.jpg,997,905,940,515,528,792,837,864,1052,728,688,617,819,686,829,765,693,1011,535,814,864,514,654,985,846,518,604,626,689,568,872,871,863,610,698,764,604,626,836,553,883,511,688,617,885,842,753,781,1020,864,793,909,839,599,948,543,664,602,693,1011
3230011778_1.jpg,326,452,344,279,356,237,236,438,170,504,361,336,292,426,351,390,311,475,51,340,334,254,213,433,351,390,127,250,290,433,280,413,175,266,230,416,319,464,206,445,140,247,76,430,290,415,330,238,361,336,236,381,303,289,303,485,206,229,299,257
3231797341_1.jpg,619,557,764,679,614,502,856,422,712,541,614,502,735,578,742,566,682,287,513,373,550,382,558,296,725,541,730,352,604,573,704,352,702,343,651,614,606,562,754,285,544,321,594,576,575,376,525,381,856,422,487,337,727,290,768,330,513,300,604,573
3233580660_1.jpg,521,589,751,623,506,392,556,518,613,623,696,411,780,550,705,331,674,403,674,403,534,334,579,461,708,356,786,357,790,512,768,587,552,376,713,414,746,401,579,619,591,337,413,644,686,392,679,397,735,354,577,755,783,367,461,321,585,601,548,584
3234996955_1.jpg,352,603,264,332,444,798,208,210,397,625,519,329,240,736,336,603,230,293,723,440,391,667,462,619,464,511,238,332,560,331,451,661,280,296,291,255,290,328,309,318,504,213,636,227,549,289,167,221,326,509,305,605,548,761,240,736,348,621,487,586
3234997069_1.jpg,569,472,543,319,540,380,421,147,562,484,540,380,500,513,435,239,580,608,435,623,409,459,550,237,453,629,601,217,389,171,653,190,381,218,593,216,418,241,667,498,377,146,615,243,615,243,534,475,418,241,490,634,337,167,599,246,500,479,448,180
3236428731_1.jpg,1053,823,1173,974,1509,1060,1152,1337,1144,795,1108,1361,1164,1477,1665,972,1603,913,1150,1408,1139,1667,925,1315,1125,1334,1312,1376,1356,1178,1527,1012,1319,1408,1257,880,1190,1384,1168,802,1204,1269,1461,1597,1340,1427,1120,791,1321,1432,1069,1354,1363,1208,1158,972,935,1392,1609,1467
3238436027_1.jpg,574,482,404,468,503,349,452,466,452,580,474,488,367,337,510,560,403,569,474,488,444,441,495,480,329,483,439,580,392,483,331,316,477,505,352,300,336,309,440,477,510,560,402,341,527,336,574,482,592,407,452,466,422,466,394,477,471,476,414,434
323855036_4.jpg,661,626,532,620,496,694,446,449,532,620,432,434,617,421,486,585,439,450,504,572,592,392,532,620,617,421,446,449,475,609,481,690,691,575,541,569,442,397,560,435,592,578,661,626,372,405,545,483,691,575,476,540,481,690,587,571,544,696,565,609
3239006545_1.jpg,1812,1115,1303,1669,1351,1625,1455,1081,1781,1241,1690,1438,1471,2001,1120,1790,1253,1146,2048,1537,1841,1058,1655,1370,1391,1174,1303,1204,1334,1661,1316,1141,2061,1494,1347,1204,1378,1737,1281,1068,1212,1011,1368,1649,1288,1011,1467,1704,1751,1187,1766,1062,1212,1011,1377,1982,1717,1228,1378,1737
3239209193_1.jpg,1099,1009,1158,1046,1592,1491,1180,1045,1261,1718,1362,1496,1509,867,1021,1488,1706,815,1192,911,1386,1501,1518,1464,1695,1464,1639,1471,1667,1438,1933,1341,1613,1266,1362,1460,1153,911,1633,896,1941,1248,1706,815,1662,963,1221,1692,1423,1441,1681,956,1620,969,1865,1558,1516,1508,1675,897
3239637522_1.jpg,1276,1318,826,1738,934,1532,1165,1889,993,857,991,903,971,995,765,1663,710,914,1115,1627,874,968,1315,1564,826,1738,1232,1172,1711,1207,744,907,817,826,1443,888,1166,1357,1659,1495,910,1030,981,1237,1434,977,1406,1034,1223,1456,1566,891,969,1276,637,1299,1138,1502,1138,1502
3241092906_1.jpg,1659,1244,1798,1245,1739,1192,1650,1120,1245,2024,1382,1692,1395,1471,1523,1762,1431,1822,1663,1717,1449,1374,1225,1173,1398,1098,1657,1534,1204,1022,1433,1695,1361,1088,1385,1207,1785,1766,1633,1714,1334,1224,1350,1721,1429,1403,1073,1883,1533,2068,1617,1804,1767,1072,1323,2064,1659,1244,1407,1693
3241295295_1.jpg,912,765,902,551,530,801,714,501,745,768,710,568,757,655,541,818,779,711,521,784,890,481,788,756,684,559,881,839,881,839,890,481,772,795,839,905,889,535,647,568,795,797,897,503,810,771,829,791,923,483,866,690,876,777,745,768,701,529,858,540
3243018729_1.jpg,551,554,980,343,891,254,678,350,1009,311,1028,236,551,554,708,320,802,561,858,582,683,316,877,504,955,310,785,635,1134,607,1145,585,996,308,571,599,981,235,921,759,904,598,780,563,1007,340,1179,445,955,310,943,271,950,587,1161,539,1032,322,990,265
3243602421_1.jpg,319,615,375,651,456,265,631,306,457,869,319,615,681,294,572,255,319,615,562,387,686,326,293,819,587,352,248,345,548,386,193,259,264,263,493,370,293,696,503,361,251,743,206,261,291,316,444,658,548,386,234,257,308,643,444,658,784,710,263,643
3247339235_1.jpg,653,689,590,582,562,422,391,507,569,588,511,380,653,689,653,581,720,489,652,627,684,634,609,544,556,598,621,614,584,493,684,634,649,423,603,615,660,427,497,696,663,531,584,493,661,586,601,582,707,572,700,378,428,632,691,619,587,374,555,616
3247810519_1.jpg,486,558,839,714,1336,1415,1394,302,950,1834,1425,925,1291,1483,1380,1408,769,729,431,574,1424,1462,1336,1415,1280,1594,1158,1437,1973,1628,1425,925,2126,1213,486,558,1588,1383,2120,759,1073,1411,1461,611,783,499,733,732,1032,1495,840,409,1770,284,1425,925,431,574,1034,1463
3248183827_1.jpg,947,579,850,1114,637,638,511,789,864,594,690,939,637,1040,877,918,748,905,738,925,943,624,621,599,905,584,816,924,1084,859,962,645,700,809,671,640,1015,573,968,581,1047,956,899,1098,694,928,698,580,891,919,868,822,598,658,938,546,564,578,963,635
3248846504_1.jpg,727,385,700,367,850,683,904,363,915,363,1018,764,922,394,719,464,773,562,876,649,764,659,686,394,713,392,904,363,1018,764,674,366,669,294,743,632,678,394,678,394,822,465,1115,627,1086,694,660,320,711,480,870,635,1136,506,720,325,886,284,667,368
3249818146_1.jpg,380,382,337,372,330,477,384,474,453,517,412,518,646,410,523,597,337,379,368,338,626,504,374,468,325,349,572,567,441,527,360,335,381,516,472,373,497,607,474,535,404,517,528,323,379,348,446,545,473,326,335,490,471,509,466,455,374,383,496,382
3251963224_1.jpg,324,355,475,479,462,325,308,566,266,512,496,565,655,379,512,359,492,440,463,648,533,335,322,376,310,356,363,610,446,489,477,362,483,569,500,526,432,528,418,542,626,567,490,529,470,534,381,473,449,537,519,307,541,338,435,325,541,338,500,539
3252000476_1.jpg,643,180,454,513,501,408,453,393,490,283,406,473,410,158,558,523,551,434,421,153,528,374,585,509,543,527,349,303,590,176,671,374,452,224,510,410,617,206,579,179,476,401,408,178,481,154,358,370,617,206,627,214,482,217,604,203,502,335,647,436
3252851380_1.jpg,1194,1147,1391,1065,1633,537,1247,947,1723,1166,1399,815,1040,674,1177,1070,1287,1033,1354,1103,1256,1070,1817,941,1457,609,1668,1229,1577,609,1162,818,1380,1099,1210,941,1229,1070,1620,485,1652,501,1048,1259,1247,947,1354,1103,1247,1104,1424,631,1135,639,1188,1354,1511,475,1157,1047
3253427659_1.jpg,585,536,496,526,611,591,560,411,647,399,576,582,483,460,436,457,578,434,432,462,453,425,465,447,508,555,432,462,466,680,630,380,602,398,503,703,481,452,601,706,543,615,586,525,702,570,520,602,581,405,442,426,571,632,649,391,586,592,483,460
3255054809_1.jpg,1083,1320,1074,1267,1041,792,803,1290,1069,999,1197,1295,1445,1155,1430,880,774,995,1330,902,1252,928,1213,1126,1008,885,916,1441,1184,1474,1104,1206,1155,1485,1241,921,1346,945,999,1484,970,775,1330,902,944,1211,1323,847,1276,900,1070,1232,1026,1090,1300,846,1108,1322,1024,1065
3255410296_1.jpg,895,739,622,304,536,668,534,398,872,594,554,685,990,525,570,404,991,501,449,546,791,330,813,350,779,348,537,302,479,323,872,594,737,623,865,309,698,618,696,544,800,248,554,371,622,304,867,334,862,585,672,499,784,339,825,349,763,671,853,307
325564774_1.jpg,688,492,487,428,541,493,575,488,429,618,511,478,691,795,427,582,571,482,647,696,554,660,673,706,477,438,772,453,573,447,753,734,560,443,534,492,491,763,724,488,662,714,575,488,724,488,480,750,540,671,566,477,676,804,619,660,571,574,612,726
3260548295_1.jpg,869,699,652,955,815,1024,681,1051,811,991,1083,780,1116,766,887,723,1060,677,903,635,1065,1090,649,904,815,983,650,878,1095,706,883,835,880,729,1045,682,982,930,932,984,855,1198,860,889,827,1037,1111,758,1073,742,1114,776,880,729,1084,743,750,1149,983,1025
3260548295_2.jpg,413,419,488,570,437,416,358,381,444,562,437,554,440,544,370,385,419,419,380,364,483,554,529,665,409,625,675,534,557,376,442,653,607,380,558,656,413,419,418,381,496,541,350,511,546,554,501,553,495,590,506,589,472,589,443,470,419,419,397,404
3261640996_1.jpg,960,623,952,888,1028,985,807,835,1016,1005,981,553,1059,919,913,756,825,838,902,572,973,582,904,930,805,1093,940,913,720,618,786,927,1050,942,960,900,784,606,617,927,923,634,902,572,849,1101,914,1093,744,656,702,620,804,752,633,621,811,933,922,882
3262777136_1.jpg,143,398,354,287,237,408,414,442,146,411,223,275,218,421,276,377,294,419,337,291,196,490,337,509,211,257,242,277,222,407,429,406,280,450,313,415,214,407,287,379,337,509,414,283,217,273,317,426,259,447,318,441,207,498,210,230,324,513,235,218
3266693323_1.jpg,1141,1149,983,1152,1105,1076,1054,1199,1183,1197,977,814,1181,1229,714,1012,1306,880,962,1169,1087,1208,1308,914,1296,875,1003,815,1022,1186,1316,800,1054,1199,913,1376,1226,1285,889,1359,1064,1058,1181,1229,1183,1197,1318,909,1127,1086,1087,1208,951,820,1275,1214,1240,878,1362,813
